ID,lon,lat,vs30,z1pt0,z2pt5,vsInferred
0,-121.992,37.6003,404.35232051512975,326.66668701171875,3220.0,1
1,-121.992,37.6033,413.26583328368673,326.66668701171875,3220.0,1
2,-121.992,37.6067,423.36781442138175,340.0,3220.0,1
3,-121.992,37.6097,432.2813271899388,340.0,3220.0,1
4,-121.992,37.6127,441.19483995849566,340.0,3220.0,1
5,-121.992,37.6157,450.10835272705265,340.0,3220.0,1
6,-121.992,37.6191,460.2103338647687,340.0,3220.0,1
7,-121.992,37.6221,469.12384663332574,340.0,3220.0,1
8,-121.992,37.6251,478.03735940188267,340.0,3110.0,1
9,-121.992,37.6285,488.13934053957763,340.0,3110.0,1
10,-121.992,37.6315,497.0528533081347,340.0,3110.0,1
11,-121.992,37.6345,502.50000000000006,340.0,3110.0,1
12,-121.992,37.6378,502.50000000000006,326.66668701171875,3060.0,1
13,-121.992,37.6408,502.5,326.66668701171875,3060.0,1
14,-121.992,37.6439,502.5,326.66668701171875,3060.0,1
15,-121.992,37.6469,502.5,346.66668701171875,3220.0,1
16,-121.992,37.6502,502.5,346.66668701171875,3220.0,1
17,-121.992,37.6532,502.50000000000006,346.66668701171875,3220.0,1
18,-121.992,37.6562,502.5,333.33331298828125,3313.33349609375,1
19,-121.992,37.6596,502.5,333.33331298828125,3313.33349609375,1
20,-121.992,37.6626,502.5,333.33331298828125,3313.33349609375,1
21,-121.992,37.6656,502.5,346.66668701171875,3206.66650390625,1
22,-121.992,37.669,500.3293726318442,346.66668701171875,3206.66650390625,1
23,-121.992,37.672,497.53856601563433,346.66668701171875,3206.66650390625,1
24,-121.992,37.675,494.7477593994245,346.66668701171875,3206.66650390625,1
25,-121.992,37.678,491.9569527832148,340.0,3206.66650390625,1
26,-121.992,37.6813,488.8870655053813,340.0,3206.66650390625,1
27,-121.992,37.6844,486.00323200196806,340.0,3206.66650390625,1
28,-121.992,37.6874,483.2124253857582,340.0,3206.66650390625,1
29,-121.992,37.6907,480.1425381079248,340.0,3206.66650390625,1
30,-121.992,37.6937,477.35173149171493,340.0,3206.66650390625,1
31,-121.998,37.6003,381.106817479241,346.66668701171875,2744.30126953125,1
32,-121.998,37.6033,392.13142537719284,346.66668701171875,2744.30126953125,1
33,-121.998,37.6067,404.6259809948681,340.0,3413.33349609375,1
34,-121.998,37.6097,415.65058889282,340.0,3413.33349609375,1
35,-121.998,37.6127,426.6751967907718,340.0,3413.33349609375,1
36,-121.998,37.6157,437.69980468872376,346.66668701171875,2503.47119140625,1
37,-121.998,37.6191,450.1943603064251,346.66668701171875,2503.47119140625,1
38,-121.998,37.6221,461.2189682043769,346.66668701171875,2503.47119140625,1
39,-121.998,37.6251,472.2435761023288,346.66668701171875,3150.0,1
40,-121.998,37.6285,484.7381317200042,346.66668701171875,3150.0,1
41,-121.998,37.6315,495.7627396179561,346.66668701171875,3150.0,1
42,-121.998,37.6345,502.49999999999994,346.66668701171875,3150.0,1
43,-121.998,37.6378,502.49999999999994,340.0,3150.0,1
44,-121.998,37.6408,502.49999999999994,340.0,3150.0,1
45,-121.998,37.6439,502.4999999999999,340.0,3150.0,1
46,-121.998,37.6469,502.5,333.33331298828125,3120.0,1
47,-121.998,37.6502,502.49999999999994,333.33331298828125,3120.0,1
48,-121.998,37.6532,502.5,333.33331298828125,3120.0,1
49,-121.998,37.6562,502.49999999999994,333.33331298828125,3150.0,1
50,-121.998,37.6596,502.50000000000006,333.33331298828125,3150.0,1
51,-121.998,37.6626,502.49999999999994,333.33331298828125,3150.0,1
52,-121.998,37.6656,502.4999999999999,346.66668701171875,3320.0,1
53,-121.998,37.669,501.957343157962,346.66668701171875,3320.0,1
54,-121.998,37.672,501.2596415039108,346.66668701171875,3320.0,1
55,-121.998,37.675,500.5619398498596,346.66668701171875,3320.0,1
56,-121.998,37.678,499.8642381958084,326.66668701171875,3210.0,1
57,-121.998,37.6813,499.0967663763514,326.66668701171875,3210.0,1
58,-121.998,37.6844,498.3758080004992,326.66668701171875,3210.0,1
59,-121.998,37.6874,497.678106346448,333.33331298828125,3210.0,1
60,-121.998,37.6907,496.9106345269911,333.33331298828125,3210.0,1
61,-121.998,37.6937,496.21293287293986,333.33331298828125,3210.0,1
62,-122.003,37.6003,366.34035798524064,346.66668701171875,2744.30126953125,1
63,-122.003,37.6033,378.70601669495863,346.66668701171875,2744.30126953125,1
64,-122.003,37.6067,392.7204298993019,340.0,3413.33349609375,1
65,-122.003,37.6097,405.0860886090199,340.0,3413.33349609375,1
66,-122.003,37.6127,417.45174731873794,340.0,3413.33349609375,1
67,-122.003,37.6157,429.81740602845593,346.66668701171875,2503.47119140625,1
68,-122.003,37.6191,443.8318192328285,346.66668701171875,2503.47119140625,1
69,-122.003,37.6221,456.19747794254647,346.66668701171875,2503.47119140625,1
70,-122.003,37.6251,468.5631366522646,346.66668701171875,3150.0,1
71,-122.003,37.6285,482.5775498566077,346.66668701171875,3150.0,1
72,-122.003,37.6315,494.9432085663257,346.66668701171875,3150.0,1
73,-122.003,37.6345,502.49999999999994,346.66668701171875,3150.0,1
74,-122.003,37.6378,502.5,340.0,3150.0,1
75,-122.003,37.6408,502.5,340.0,3150.0,1
76,-122.003,37.6439,502.5,340.0,3150.0,1
77,-122.003,37.6469,502.5,333.33331298828125,3120.0,1
78,-122.003,37.6502,502.5,333.33331298828125,3120.0,1
79,-122.003,37.6532,502.50000000000006,333.33331298828125,3120.0,1
80,-122.003,37.6562,502.5,333.33331298828125,3150.0,1
81,-122.003,37.6596,502.5,333.33331298828125,3150.0,1
82,-122.003,37.6626,502.5,333.33331298828125,3150.0,1
83,-122.003,37.6656,502.49999999999994,346.66668701171875,3320.0,1
84,-122.003,37.669,501.5512199615509,346.66668701171875,3320.0,1
85,-122.003,37.672,500.3313599121122,346.66668701171875,3320.0,1
86,-122.003,37.675,499.11149986267344,346.66668701171875,3320.0,1
87,-122.003,37.678,497.89163981323475,326.66668701171875,3210.0,1
88,-122.003,37.6813,496.549793758851,326.66668701171875,3210.0,1
89,-122.003,37.6844,495.28927170776586,326.66668701171875,3210.0,1
90,-122.003,37.6874,494.0694116583272,333.33331298828125,3210.0,1
91,-122.003,37.6907,492.72756560394345,333.33331298828125,3210.0,1
92,-122.003,37.6937,491.5077055545047,333.33331298828125,3210.0,1
93,-122.009,37.6003,352.30444102112926,171.11111450195312,882.5,1
94,-122.009,37.6033,365.9448046014529,171.11111450195312,882.5,1
95,-122.009,37.6067,381.40388332581557,340.0,968.8268432617188,1
96,-122.009,37.6097,395.0442469061393,340.0,968.8268432617188,1
97,-122.009,37.6127,408.68461048646304,340.0,968.8268432617188,1
98,-122.009,37.6157,422.32497406678675,8.886419296264648,15.554567337036133,1
99,-122.009,37.6191,437.7840527911816,8.886419296264648,15.554567337036133,1
100,-122.009,37.6221,451.42441637150534,8.886419296264648,15.554567337036133,1
101,-122.009,37.6251,465.0647799518291,340.0,1746.7548828125,1
102,-122.009,37.6285,480.52385867619176,340.0,1746.7548828125,1
103,-122.009,37.6315,494.1642222565155,340.0,1746.7548828125,1
104,-122.009,37.6345,502.5,340.0,1746.7548828125,1
105,-122.009,37.6378,502.49999999999994,346.66668701171875,3160.0,1
106,-122.009,37.6408,502.49999999999994,346.66668701171875,3160.0,1
107,-122.009,37.6439,502.5,346.66668701171875,3160.0,1
108,-122.009,37.6469,502.4999999999999,340.0,3110.0,1
109,-122.009,37.6502,502.5,340.0,3110.0,1
110,-122.009,37.6532,502.5,340.0,3110.0,1
111,-122.009,37.6562,502.5,346.66668701171875,3210.0,1
112,-122.009,37.6596,502.5,346.66668701171875,3210.0,1
113,-122.009,37.6626,502.5,346.66668701171875,3210.0,1
114,-122.009,37.6656,502.5,333.33331298828125,3220.0,1
115,-122.009,37.669,499.6536598846526,333.33331298828125,3220.0,1
116,-122.009,37.672,495.99407973633646,333.33331298828125,3220.0,1
117,-122.009,37.675,492.3344995880204,333.33331298828125,3220.0,1
118,-122.009,37.678,488.67491943970424,340.0,3306.66650390625,1
119,-122.009,37.6813,484.6493812765531,340.0,3306.66650390625,1
120,-122.009,37.6844,480.86781512329765,340.0,3306.66650390625,1
121,-122.009,37.6874,477.20823497498156,333.33331298828125,3220.0,1
122,-122.009,37.6907,473.18269681183034,333.33331298828125,3220.0,1
123,-122.009,37.6937,469.5231166635142,333.33331298828125,3220.0,1
124,-122.014,37.6003,340.60784355104744,171.11111450195312,882.5,1
125,-122.014,37.6033,355.31046119020823,171.11111450195312,882.5,1
126,-122.014,37.6067,371.97342784791925,340.0,968.8268432617188,1
127,-122.014,37.6097,386.67604548708005,340.0,968.8268432617188,1
128,-122.014,37.6127,401.3786631262409,340.0,968.8268432617188,1
129,-122.014,37.6157,416.08128076540174,8.886419296264648,15.554567337036133,1
130,-122.014,37.6191,432.74424742314744,8.886419296264648,15.554567337036133,1
131,-122.014,37.6221,447.4468650623083,8.886419296264648,15.554567337036133,1
132,-122.014,37.6251,462.1494827014692,340.0,1746.7548828125,1
133,-122.014,37.6285,478.8124493591801,340.0,1746.7548828125,1
134,-122.014,37.6315,493.51506699834096,340.0,1746.7548828125,1
135,-122.014,37.6345,502.49999999999994,340.0,1746.7548828125,1
136,-122.014,37.6378,502.50000000000006,346.66668701171875,3160.0,1
137,-122.014,37.6408,502.5,346.66668701171875,3160.0,1
138,-122.014,37.6439,502.5000000000001,346.66668701171875,3160.0,1
139,-122.014,37.6469,502.5,340.0,3110.0,1
140,-122.014,37.6502,502.5,340.0,3110.0,1
141,-122.014,37.6532,502.50000000000006,340.0,3110.0,1
142,-122.014,37.6562,502.5,346.66668701171875,3210.0,1
143,-122.014,37.6596,502.50000000000006,346.66668701171875,3210.0,1
144,-122.014,37.6626,502.5,346.66668701171875,3210.0,1
145,-122.014,37.6656,502.5,333.33331298828125,3220.0,1
146,-122.014,37.669,498.0723598205723,333.33331298828125,3220.0,1
147,-122.014,37.672,492.37967958986025,333.33331298828125,3220.0,1
148,-122.014,37.675,486.6869993591482,333.33331298828125,3220.0,1
149,-122.014,37.678,480.9943191284362,340.0,3306.66650390625,1
150,-122.014,37.6813,474.73237087464753,340.0,3306.66650390625,1
151,-122.014,37.6844,468.8499346362522,340.0,3306.66650390625,1
152,-122.014,37.6874,463.15725440554024,333.33331298828125,3220.0,1
153,-122.014,37.6907,456.8953061517516,333.33331298828125,3220.0,1
154,-122.014,37.6937,451.2026259210395,333.33331298828125,3220.0,1
155,-122.02,37.6003,326.571926586936,170.95889282226562,870.0,1
156,-122.02,37.6033,342.54924909670245,170.95889282226562,870.0,1
157,-122.02,37.6067,360.6568812744329,171.11111450195312,882.5,1
158,-122.02,37.6097,376.63420378419937,171.11111450195312,882.5,1
159,-122.02,37.6127,392.611526293966,171.11111450195312,882.5,1
160,-122.02,37.6157,408.58884880373245,0.0,0.0,1
161,-122.02,37.6191,426.69648098150066,0.0,0.0,1
162,-122.02,37.6221,442.6738034912672,0.0,0.0,1
163,-122.02,37.6251,458.65112600103384,0.0,0.0,1
164,-122.02,37.6285,476.7587581787641,0.0,0.0,1
165,-122.02,37.6315,492.7360806885307,0.0,0.0,1
166,-122.02,37.6345,502.5,0.0,0.0,1
167,-122.02,37.6378,502.5,333.33331298828125,1447.42138671875,1
168,-122.02,37.6408,502.5,333.33331298828125,1447.42138671875,1
169,-122.02,37.6439,502.5,333.33331298828125,1447.42138671875,1
170,-122.02,37.6469,502.5,346.66668701171875,3210.0,1
171,-122.02,37.6502,502.5,346.66668701171875,3210.0,1
172,-122.02,37.6532,502.5,346.66668701171875,3210.0,1
173,-122.02,37.6562,502.5,346.66668701171875,3220.0,1
174,-122.02,37.6596,502.5,346.66668701171875,3220.0,1
175,-122.02,37.6626,502.5,346.66668701171875,3220.0,1
176,-122.02,37.6656,502.5,346.66668701171875,3306.66650390625,1
177,-122.02,37.669,496.17479974367404,346.66668701171875,3306.66650390625,1
178,-122.02,37.672,488.0423994140845,346.66668701171875,3306.66650390625,1
179,-122.02,37.675,479.90999908449515,346.66668701171875,3306.66650390625,1
180,-122.02,37.678,471.7775987549057,346.66668701171875,3306.66650390625,1
181,-122.02,37.6813,462.83195839234963,346.66668701171875,3306.66650390625,1
182,-122.02,37.6844,454.42847805178405,346.66668701171875,3306.66650390625,1
183,-122.02,37.6874,446.2960777221946,340.0,3406.66650390625,1
184,-122.02,37.6907,437.3504373596385,340.0,3406.66650390625,1
185,-122.02,37.6937,429.21803703004906,340.0,3406.66650390625,1
186,-122.025,37.6003,314.875329116821,190.270263671875,871.4285888671875,1
187,-122.025,37.6033,331.91490568542764,190.270263671875,871.4285888671875,1
188,-122.025,37.6067,351.2264257965098,152.0,870.0,1
189,-122.025,37.6097,368.2660023651164,152.0,870.0,1
190,-122.025,37.6127,385.305578933723,152.0,870.0,1
191,-122.025,37.6157,402.3451555023297,94.0625,882.8571166992188,1
192,-122.025,37.6191,421.6566756134521,94.0625,882.8571166992188,1
193,-122.025,37.6221,438.69625218205874,94.0625,882.8571166992188,1
194,-122.025,37.6251,455.7358287506655,0.0,0.0,1
195,-122.025,37.6285,475.04734886174765,0.0,0.0,1
196,-122.025,37.6315,492.0869254303542,0.0,0.0,1
197,-122.025,37.6345,502.4999999999999,0.0,0.0,1
198,-122.025,37.6378,502.49999999999994,0.0,0.0,1
199,-122.025,37.6408,502.5,0.0,0.0,1
200,-122.025,37.6439,502.5,0.0,0.0,1
201,-122.025,37.6469,502.5,340.0,1706.842041015625,1
202,-122.025,37.6502,502.49999999999994,340.0,1706.842041015625,1
203,-122.025,37.6532,502.5,340.0,1706.842041015625,1
204,-122.025,37.6562,502.5,340.0,3213.33349609375,1
205,-122.025,37.6596,502.5,340.0,3213.33349609375,1
206,-122.025,37.6626,502.5,340.0,3213.33349609375,1
207,-122.025,37.6656,502.49999999999994,346.66668701171875,3220.0,1
208,-122.025,37.669,494.5934996795892,346.66668701171875,3220.0,1
209,-122.025,37.672,484.427999267598,346.66668701171875,3220.0,1
210,-122.025,37.675,474.26249885560685,346.66668701171875,3220.0,1
211,-122.025,37.678,464.0969984436157,333.33331298828125,3306.66650390625,1
212,-122.025,37.6813,452.9149479904158,333.33331298828125,3306.66650390625,1
213,-122.025,37.6844,442.4105975647045,333.33331298828125,3306.66650390625,1
214,-122.025,37.6874,432.24509715271324,346.66668701171875,3306.66650390625,1
215,-122.025,37.6907,421.06304669951334,346.66668701171875,3306.66650390625,1
216,-122.025,37.6937,410.8975462875222,346.66668701171875,3306.66650390625,1
217,-122.031,37.6003,300.83941215270954,190.270263671875,871.4285888671875,1
218,-122.031,37.6033,319.15369359192186,190.270263671875,871.4285888671875,1
219,-122.031,37.6067,339.90987922302344,152.0,870.0,1
220,-122.031,37.6097,358.22416066223576,152.0,870.0,1
221,-122.031,37.6127,376.53844210144814,152.0,870.0,1
222,-122.031,37.6157,394.8527235406605,94.0625,882.8571166992188,1
223,-122.031,37.6191,415.6089091718054,94.0625,882.8571166992188,1
224,-122.031,37.6221,433.92319061101773,94.0625,882.8571166992188,1
225,-122.031,37.6251,452.23747205023017,0.0,0.0,1
226,-122.031,37.6285,472.9936576813316,0.0,0.0,1
227,-122.031,37.6315,491.307939120544,0.0,0.0,1
228,-122.031,37.6345,502.5,0.0,0.0,1
229,-122.031,37.6378,502.5,0.0,0.0,1
230,-122.031,37.6408,502.5,0.0,0.0,1
231,-122.031,37.6439,502.49999999999994,0.0,0.0,1
232,-122.031,37.6469,502.49999999999994,340.0,1706.842041015625,1
233,-122.031,37.6502,502.5,340.0,1706.842041015625,1
234,-122.031,37.6532,502.5,340.0,1706.842041015625,1
235,-122.031,37.6562,502.49999999999994,340.0,3213.33349609375,1
236,-122.031,37.6596,502.50000000000006,340.0,3213.33349609375,1
237,-122.031,37.6626,502.5,340.0,3213.33349609375,1
238,-122.031,37.6656,502.5,346.66668701171875,3220.0,1
239,-122.031,37.669,492.6959396026909,346.66668701171875,3220.0,1
240,-122.031,37.672,480.09071909182234,346.66668701171875,3220.0,1
241,-122.031,37.675,467.48549858095384,346.66668701171875,3220.0,1
242,-122.031,37.678,454.88027807008524,333.33331298828125,3306.66650390625,1
243,-122.031,37.6813,441.0145355081179,333.33331298828125,3306.66650390625,1
244,-122.031,37.6844,427.9891409802362,333.33331298828125,3306.66650390625,1
245,-122.031,37.6874,415.3839204693677,346.66668701171875,3306.66650390625,1
246,-122.031,37.6907,401.51817790740034,346.66668701171875,3306.66650390625,1
247,-122.031,37.6937,388.91295739653174,346.66668701171875,3306.66650390625,1
248,-122.037,37.6003,287.991089664306,209.01409912109375,874.2857666015625,1
249,-122.037,37.6033,304.731989664303,209.01409912109375,874.2857666015625,1
250,-122.037,37.6067,323.70500966429427,190.41094970703125,872.5,1
251,-122.037,37.6097,340.4459096642912,190.41094970703125,872.5,1
252,-122.037,37.6127,357.1868096642881,190.41094970703125,872.5,1
253,-122.037,37.6157,373.92770966428503,57.01149368286133,855.0,1
254,-122.037,37.6191,392.9007296643159,57.01149368286133,855.0,1
255,-122.037,37.6221,409.64162966431286,57.01149368286133,855.0,1
256,-122.037,37.6251,426.38252966430986,0.0,882.5,1
257,-122.037,37.6285,445.35554966430107,0.0,882.5,1
258,-122.037,37.6315,462.096449664298,0.0,882.5,1
259,-122.037,37.6345,473.7626039557886,0.0,882.5,1
260,-122.037,37.6378,477.82331323756,0.0,0.0,1
261,-122.037,37.6408,481.51486713008416,0.0,0.0,1
262,-122.037,37.6439,485.32947281902983,0.0,0.0,1
263,-122.037,37.6469,489.021026711554,0.0,0.0,1
264,-122.037,37.6502,493.08173599332537,0.0,0.0,1
265,-122.037,37.6532,496.7732898858495,0.0,0.0,1
266,-122.037,37.6562,500.4648437783736,340.0,2444.126953125,1
267,-122.037,37.6596,504.64860485656664,340.0,2444.126953125,1
268,-122.037,37.6626,508.34015874909073,340.0,2444.126953125,1
269,-122.037,37.6656,512.0317126416148,333.33331298828125,3313.33349609375,1
270,-122.037,37.669,502.77760628668017,333.33331298828125,3313.33349609375,1
271,-122.037,37.672,489.191902050839,333.33331298828125,3313.33349609375,1
272,-122.037,37.675,475.60619781499776,333.33331298828125,3313.33349609375,1
273,-122.037,37.678,462.0204935791566,346.66668701171875,3320.0,1
274,-122.037,37.6813,447.0762189197184,346.66668701171875,3320.0,1
275,-122.037,37.6844,433.037657876033,346.66668701171875,3320.0,1
276,-122.037,37.6874,419.45195364019173,333.33331298828125,3410.0,1
277,-122.037,37.6907,404.50767898075355,333.33331298828125,3410.0,1
278,-122.037,37.6937,390.9219747449124,333.33331298828125,3410.0,1
279,-122.042,37.6003,277.91393920654826,209.01409912109375,874.2857666015625,1
280,-122.042,37.6033,291.83333920654735,209.01409912109375,874.2857666015625,1
281,-122.042,37.6067,307.6086592065419,190.41094970703125,872.5,1
282,-122.042,37.6097,321.528059206541,190.41094970703125,872.5,1
283,-122.042,37.6127,335.44745920654003,190.41094970703125,872.5,1
284,-122.042,37.6157,349.3668592065391,57.01149368286133,855.0,1
285,-122.042,37.6191,365.1421792065666,57.01149368286133,855.0,1
286,-122.042,37.6221,379.0615792065657,57.01149368286133,855.0,1
287,-122.042,37.6251,392.9809792065648,0.0,882.5,1
288,-122.042,37.6285,408.75629920655933,0.0,882.5,1
289,-122.042,37.6315,422.67569920655836,0.0,882.5,1
290,-122.042,37.6345,434.5752457138036,0.0,882.5,1
291,-122.042,37.6378,444.1732858343369,0.0,0.0,1
292,-122.042,37.6408,452.89877685301474,0.0,0.0,1
293,-122.042,37.6439,461.9151175723249,0.0,0.0,1
294,-122.042,37.6469,470.6406085910028,0.0,0.0,1
295,-122.042,37.6502,480.23864871153603,0.0,0.0,1
296,-122.042,37.6532,488.9641397302139,0.0,0.0,1
297,-122.042,37.6562,497.6896307488918,340.0,2444.126953125,1
298,-122.042,37.6596,507.5785205700573,340.0,2444.126953125,1
299,-122.042,37.6626,516.3040115887352,340.0,2444.126953125,1
300,-122.042,37.6656,525.029502607413,333.33331298828125,3313.33349609375,1
301,-122.042,37.669,517.5316154419411,333.33331298828125,3313.33349609375,1
302,-122.042,37.672,503.90267890629525,333.33331298828125,3313.33349609375,1
303,-122.042,37.675,490.27374237064936,333.33331298828125,3313.33349609375,1
304,-122.042,37.678,476.64480583500347,346.66668701171875,3320.0,1
305,-122.042,37.6813,461.6529756457802,346.66668701171875,3320.0,1
306,-122.042,37.6844,447.56974122563,346.66668701171875,3320.0,1
307,-122.042,37.6874,433.94080468998413,333.33331298828125,3410.0,1
308,-122.042,37.6907,418.94897450076087,333.33331298828125,3410.0,1
309,-122.042,37.6937,405.3200379651149,333.33331298828125,3410.0,1
310,-122.048,37.6003,265.82135865722745,228.05555725097656,855.0,1
311,-122.048,37.6033,276.35495865722595,228.05555725097656,855.0,1
312,-122.048,37.6067,288.29303865722085,287.4698791503906,855.0,1
313,-122.048,37.6097,298.8266386572193,287.4698791503906,855.0,1
314,-122.048,37.6127,309.3602386572177,287.4698791503906,855.0,1
315,-122.048,37.6157,319.8938386572162,151.71429443359375,857.5,1
316,-122.048,37.6191,331.831918657236,151.71429443359375,857.5,1
317,-122.048,37.6221,342.36551865723436,151.71429443359375,857.5,1
318,-122.048,37.6251,352.89911865723286,57.24137878417969,857.1428833007812,1
319,-122.048,37.6285,364.83719865722776,57.24137878417969,857.1428833007812,1
320,-122.048,37.6315,375.37079865722615,57.24137878417969,857.1428833007812,1
321,-122.048,37.6345,387.55041582337725,57.24137878417969,857.1428833007812,1
322,-122.048,37.6378,403.7932529504311,8.886419296264648,15.554567337036133,1
323,-122.048,37.6408,418.5594685204992,8.886419296264648,15.554567337036133,1
324,-122.048,37.6439,433.8178912762525,8.886419296264648,15.554567337036133,1
325,-122.048,37.6469,448.58410684632054,0.0,0.0,1
326,-122.048,37.6502,464.8269439733744,0.0,0.0,1
327,-122.048,37.6532,479.5931595434424,0.0,0.0,1
328,-122.048,37.6562,494.35937511351045,346.66668701171875,650.6103515625,1
329,-122.048,37.6596,511.0944194262496,346.66668701171875,650.6103515625,1
330,-122.048,37.6626,525.8606349963176,346.66668701171875,650.6103515625,1
331,-122.048,37.6656,540.6268505663857,340.0,3400.197998046875,1
332,-122.048,37.669,535.2364264282711,340.0,3400.197998046875,1
333,-122.048,37.672,521.5556111328597,340.0,3400.197998046875,1
334,-122.048,37.675,507.8747958374482,340.0,3400.197998046875,1
335,-122.048,37.678,494.1939805420366,346.66668701171875,3406.66650390625,1
336,-122.048,37.6813,479.1450837170711,346.66668701171875,3406.66650390625,1
337,-122.048,37.6844,465.00824124516305,346.66668701171875,3406.66650390625,1
338,-122.048,37.6874,451.32742594975156,333.33331298828125,3413.33349609375,1
339,-122.048,37.6907,436.278529124786,333.33331298828125,3413.33349609375,1
340,-122.048,37.6937,422.5977138293745,333.33331298828125,3413.33349609375,1
341,-122.054,37.6003,253.72877810790663,228.05555725097656,855.0,1
342,-122.054,37.6033,260.87657810790444,228.05555725097656,855.0,1
343,-122.054,37.6067,268.97741810789967,287.4698791503906,855.0,1
344,-122.054,37.6097,276.12521810789747,287.4698791503906,855.0,1
345,-122.054,37.6127,283.27301810789527,287.4698791503906,855.0,1
346,-122.054,37.6157,290.42081810789307,151.71429443359375,857.5,1
347,-122.054,37.6191,298.52165810790524,151.71429443359375,857.5,1
348,-122.054,37.6221,305.669458107903,151.71429443359375,857.5,1
349,-122.054,37.6251,312.81725810790084,57.24137878417969,857.1428833007812,1
350,-122.054,37.6285,320.91809810789607,57.24137878417969,857.1428833007812,1
351,-122.054,37.6315,328.0658981078939,57.24137878417969,857.1428833007812,1
352,-122.054,37.6345,340.5255859329507,57.24137878417969,857.1428833007812,1
353,-122.054,37.6378,363.4132200665252,8.886419296264648,15.554567337036133,1
354,-122.054,37.6408,384.2201601879834,8.886419296264648,15.554567337036133,1
355,-122.054,37.6439,405.72066498017995,8.886419296264648,15.554567337036133,1
356,-122.054,37.6469,426.5276051016381,0.0,0.0,1
357,-122.054,37.6502,449.41523923521254,0.0,0.0,1
358,-122.054,37.6532,470.2221793566708,0.0,0.0,1
359,-122.054,37.6562,491.029119478129,346.66668701171875,650.6103515625,1
360,-122.054,37.6596,514.6103182824418,346.66668701171875,650.6103515625,1
361,-122.054,37.6626,535.4172584039,346.66668701171875,650.6103515625,1
362,-122.054,37.6656,556.2241985253581,340.0,3400.197998046875,1
363,-122.054,37.669,552.941237414601,340.0,3400.197998046875,1
364,-122.054,37.672,539.2085433594239,340.0,3400.197998046875,1
365,-122.054,37.675,525.4758493042467,340.0,3400.197998046875,1
366,-122.054,37.678,511.7431552490696,346.66668701171875,3406.66650390625,1
367,-122.054,37.6813,496.63719178836175,346.66668701171875,3406.66650390625,1
368,-122.054,37.6844,482.4467412646961,346.66668701171875,3406.66650390625,1
369,-122.054,37.6874,468.7140472095189,333.33331298828125,3413.33349609375,1
370,-122.054,37.6907,453.60808374881105,333.33331298828125,3413.33349609375,1
371,-122.054,37.6937,439.875389693634,333.33331298828125,3413.33349609375,1
372,-122.059,37.6003,243.65162765014887,228.05555725097656,857.1428833007812,1
373,-122.059,37.6033,247.9779276501488,228.05555725097656,857.1428833007812,1
374,-122.059,37.6067,252.88106765014737,267.56097412109375,857.5,1
375,-122.059,37.6097,257.2073676501473,267.56097412109375,857.5,1
376,-122.059,37.6127,261.53366765014727,267.56097412109375,857.5,1
377,-122.059,37.6157,265.85996765014715,267.56097412109375,857.5,1
378,-122.059,37.6191,270.7631076501559,267.56097412109375,857.5,1
379,-122.059,37.6221,275.08940765015586,267.56097412109375,857.5,1
380,-122.059,37.6251,279.41570765015587,114.16667175292969,857.1428833007812,1
381,-122.059,37.6285,284.31884765015445,114.16667175292969,857.1428833007812,1
382,-122.059,37.6315,288.6451476501543,114.16667175292969,857.1428833007812,1
383,-122.059,37.6345,301.3382276909658,114.16667175292969,857.1428833007812,1
384,-122.059,37.6378,329.7631926633022,38.085105895996094,874.2857666015625,1
385,-122.059,37.6408,355.6040699109141,38.085105895996094,874.2857666015625,1
386,-122.059,37.6439,382.306309733475,38.085105895996094,874.2857666015625,1
387,-122.059,37.6469,408.1471869810869,19.607650756835938,872.5,1
388,-122.059,37.6502,436.57215195342326,19.607650756835938,872.5,1
389,-122.059,37.6532,462.4130292010353,19.607650756835938,872.5,1
390,-122.059,37.6562,488.2539064486472,8.886419296264648,15.554567337036133,1
391,-122.059,37.6596,517.5402339959326,8.886419296264648,15.554567337036133,1
392,-122.059,37.6626,543.3811112435444,8.886419296264648,15.554567337036133,1
393,-122.059,37.6656,569.2219884911563,333.33331298828125,1547.26123046875,1
394,-122.059,37.669,567.695246569862,333.33331298828125,1547.26123046875,1
395,-122.059,37.672,553.9193202148801,333.33331298828125,1547.26123046875,1
396,-122.059,37.675,540.1433938598984,333.33331298828125,1547.26123046875,1
397,-122.059,37.678,526.3674675049166,333.33331298828125,3420.0,1
398,-122.059,37.6813,511.21394851442363,333.33331298828125,3420.0,1
399,-122.059,37.6844,496.9788246142931,333.33331298828125,3420.0,1
400,-122.059,37.6874,483.2028982593114,346.66668701171875,3420.0,1
401,-122.059,37.6907,468.04937926881837,346.66668701171875,3420.0,1
402,-122.059,37.6937,454.27345291383665,346.66668701171875,3420.0,1
403,-122.065,37.6003,231.55904710082808,228.05555725097656,857.1428833007812,1
404,-122.065,37.6033,232.4995471008274,228.05555725097656,857.1428833007812,1
405,-122.065,37.6067,233.56544710082628,267.56097412109375,857.5,1
406,-122.065,37.6097,234.50594710082558,267.56097412109375,857.5,1
407,-122.065,37.6127,235.44644710082486,267.56097412109375,857.5,1
408,-122.065,37.6157,236.38694710082413,267.56097412109375,857.5,1
409,-122.065,37.6191,237.4528471008253,267.56097412109375,857.5,1
410,-122.065,37.6221,238.39334710082457,267.56097412109375,857.5,1
411,-122.065,37.6251,239.33384710082385,114.16667175292969,857.1428833007812,1
412,-122.065,37.6285,240.39974710082276,114.16667175292969,857.1428833007812,1
413,-122.065,37.6315,241.34024710082204,114.16667175292969,857.1428833007812,1
414,-122.065,37.6345,254.31339780053935,114.16667175292969,857.1428833007812,1
415,-122.065,37.6378,289.38315977939635,38.085105895996094,874.2857666015625,1
416,-122.065,37.6408,321.26476157839846,38.085105895996094,874.2857666015625,1
417,-122.065,37.6439,354.2090834374025,38.085105895996094,874.2857666015625,1
418,-122.065,37.6469,386.09068523640457,19.607650756835938,872.5,1
419,-122.065,37.6502,421.16044721526157,19.607650756835938,872.5,1
420,-122.065,37.6532,453.04204901426374,19.607650756835938,872.5,1
421,-122.065,37.6562,484.92365081326574,8.886419296264648,15.554567337036133,1
422,-122.065,37.6596,521.0561328521248,8.886419296264648,15.554567337036133,1
423,-122.065,37.6626,552.9377346511268,8.886419296264648,15.554567337036133,1
424,-122.065,37.6656,584.819336450129,333.33331298828125,1547.26123046875,1
425,-122.065,37.669,585.4000575561919,333.33331298828125,1547.26123046875,1
426,-122.065,37.672,571.5722524414446,333.33331298828125,1547.26123046875,1
427,-122.065,37.675,557.7444473266971,333.33331298828125,1547.26123046875,1
428,-122.065,37.678,543.9166422119497,333.33331298828125,3420.0,1
429,-122.065,37.6813,528.7060565857145,333.33331298828125,3420.0,1
430,-122.065,37.6844,514.4173246338262,333.33331298828125,3420.0,1
431,-122.065,37.6874,500.5895195190788,346.66668701171875,3420.0,1
432,-122.065,37.6907,485.3789338928435,346.66668701171875,3420.0,1
433,-122.065,37.6937,471.5511287780961,346.66668701171875,3420.0,1
434,-122.07,37.6003,223.09565785828173,228.1690216064453,857.5,1
435,-122.07,37.6033,224.15225780334927,228.1690216064453,857.5,1
436,-122.07,37.6067,225.3497377410922,228.05555725097656,857.1428833007812,1
437,-122.07,37.6097,226.40633768615976,228.05555725097656,857.1428833007812,1
438,-122.07,37.6127,227.4629376312273,228.05555725097656,857.1428833007812,1
439,-122.07,37.6157,228.51953757629485,229.0908966064453,857.5,1
440,-122.07,37.6191,229.71701751404026,229.0908966064453,857.5,1
441,-122.07,37.6221,230.7736174591078,229.0908966064453,857.5,1
442,-122.07,37.6251,231.83021740417541,151.83099365234375,857.1428833007812,1
443,-122.07,37.6285,233.02769734191833,151.83099365234375,857.1428833007812,1
444,-122.07,37.6315,234.08429728698584,151.83099365234375,857.1428833007812,1
445,-122.07,37.6345,246.4758505478855,151.83099365234375,857.1428833007812,1
446,-122.07,37.6378,279.6998355804885,171.38888549804688,874.2857666015625,1
447,-122.07,37.6408,309.9034583374394,171.38888549804688,874.2857666015625,1
448,-122.07,37.6439,341.11386851965534,171.38888549804688,874.2857666015625,1
449,-122.07,37.6469,371.3174912766062,152.1739044189453,872.5,1
450,-122.07,37.6502,404.5414763092092,152.1739044189453,872.5,1
451,-122.07,37.6532,434.74509906616004,152.1739044189453,872.5,1
452,-122.07,37.6562,464.94872182311093,55.73770523071289,857.5,1
453,-122.07,37.6596,499.17949428097904,55.73770523071289,857.5,1
454,-122.07,37.6626,529.3831170379299,55.73770523071289,857.5,1
455,-122.07,37.6656,559.5867397948807,8.886419296264648,15.554567337036133,1
456,-122.07,37.669,563.5486300964807,8.886419296264648,15.554567337036133,1
457,-122.07,37.672,554.8351186523837,8.886419296264648,15.554567337036133,1
458,-122.07,37.675,546.1216072082867,8.886419296264648,15.554567337036133,1
459,-122.07,37.678,537.4080957641896,346.66668701171875,2006.013916015625,1
460,-122.07,37.6813,527.8232331756747,346.66668701171875,2006.013916015625,1
461,-122.07,37.6844,518.8192713501188,346.66668701171875,2006.013916015625,1
462,-122.07,37.6874,510.10575990602183,340.0,3506.66650390625,1
463,-122.07,37.6907,500.5208973175069,340.0,3506.66650390625,1
464,-122.07,37.6937,491.8073858734099,340.0,3506.66650390625,1
465,-122.076,37.6003,213.9078474963442,228.1690216064453,857.5,1
466,-122.076,37.6033,216.8663273425352,228.1690216064453,857.5,1
467,-122.076,37.6067,220.21927116821735,209.44444274902344,857.5,1
468,-122.076,37.6097,223.17775101440833,209.44444274902344,857.5,1
469,-122.076,37.6127,226.13623086059928,209.44444274902344,857.5,1
470,-122.076,37.6157,229.09471070679024,209.44444274902344,857.5,1
471,-122.076,37.6191,232.44765453247942,209.44444274902344,857.5,1
472,-122.076,37.6221,235.40613437867034,209.44444274902344,857.5,1
473,-122.076,37.6251,238.36461422486138,190.4225311279297,855.0,1
474,-122.076,37.6285,241.71755805054352,190.4225311279297,855.0,1
475,-122.076,37.6315,244.67603789673444,190.4225311279297,855.0,1
476,-122.076,37.6345,255.88068043830845,190.4225311279297,855.0,1
477,-122.076,37.6378,282.4598684643908,190.2777862548828,855.0,1
478,-122.076,37.6408,306.62276666995155,190.2777862548828,855.0,1
479,-122.076,37.6439,331.59109481572426,190.2777862548828,855.0,1
480,-122.076,37.6469,355.75399302128494,152.39437866210938,872.5,1
481,-122.076,37.6502,382.33318104736736,152.39437866210938,872.5,1
482,-122.076,37.6532,406.4960792529281,152.39437866210938,872.5,1
483,-122.076,37.6562,430.6589774584888,74.92063903808594,867.5,1
484,-122.076,37.6596,458.04359542478323,74.92063903808594,867.5,1
485,-122.076,37.6626,482.2064936303439,74.92063903808594,867.5,1
486,-122.076,37.6656,506.3693918359046,8.886419296264648,15.554567337036133,1
487,-122.076,37.669,515.3636551757983,8.886419296264648,15.554567337036133,1
488,-122.076,37.672,515.8818117187635,8.886419296264648,15.554567337036133,1
489,-122.076,37.675,516.3999682617289,8.886419296264648,15.554567337036133,1
490,-122.076,37.678,516.9181248046941,0.0,0.0,1
491,-122.076,37.6813,517.4880970019565,0.0,0.0,1
492,-122.076,37.6844,518.0235254296866,0.0,0.0,1
493,-122.076,37.6874,518.5416819726519,340.0,1686.9281005859375,1
494,-122.076,37.6907,519.1116541699142,340.0,1686.9281005859375,1
495,-122.076,37.6937,519.6298107128796,340.0,1686.9281005859375,1
496,-122.082,37.6003,204.72003713440665,228.1690216064453,857.5,1
497,-122.082,37.6033,209.58039688172107,228.1690216064453,857.5,1
498,-122.082,37.6067,215.08880459534245,209.44444274902344,857.5,1
499,-122.082,37.6097,219.94916434265684,209.44444274902344,857.5,1
500,-122.082,37.6127,224.8095240899712,209.44444274902344,857.5,1
501,-122.082,37.6157,229.66988383728557,209.44444274902344,857.5,1
502,-122.082,37.6191,235.1782915509185,209.44444274902344,857.5,1
503,-122.082,37.6221,240.03865129823288,209.44444274902344,857.5,1
504,-122.082,37.6251,244.89901104554727,190.4225311279297,855.0,1
505,-122.082,37.6285,250.4074187591687,190.4225311279297,855.0,1
506,-122.082,37.6315,255.26777850648304,190.4225311279297,855.0,1
507,-122.082,37.6345,265.2855103287312,190.4225311279297,855.0,1
508,-122.082,37.6378,285.2199013482931,190.2777862548828,855.0,1
509,-122.082,37.6408,303.3420750024636,190.2777862548828,855.0,1
510,-122.082,37.6439,322.0683211117932,190.2777862548828,855.0,1
511,-122.082,37.6469,340.19049476596365,152.39437866210938,872.5,1
512,-122.082,37.6502,360.1248857855255,152.39437866210938,872.5,1
513,-122.082,37.6532,378.24705943969605,152.39437866210938,872.5,1
514,-122.082,37.6562,396.3692330938665,74.92063903808594,867.5,1
515,-122.082,37.6596,416.90769656858737,74.92063903808594,867.5,1
516,-122.082,37.6626,435.02987022275784,74.92063903808594,867.5,1
517,-122.082,37.6656,453.15204387692836,8.886419296264648,15.554567337036133,1
518,-122.082,37.669,467.1786802551157,8.886419296264648,15.554567337036133,1
519,-122.082,37.672,476.9285047851432,8.886419296264648,15.554567337036133,1
520,-122.082,37.675,486.6783293151709,8.886419296264648,15.554567337036133,1
521,-122.082,37.678,496.42815384519844,0.0,0.0,1
522,-122.082,37.6813,507.152960828238,0.0,0.0,1
523,-122.082,37.6844,517.2277795092542,0.0,0.0,1
524,-122.082,37.6874,526.9776040392818,340.0,1686.9281005859375,1
525,-122.082,37.6907,537.7024110223215,340.0,1686.9281005859375,1
526,-122.082,37.6937,547.4522355523491,340.0,1686.9281005859375,1
527,-122.087,37.6003,197.06352849944417,228.33334350585938,857.5,1
528,-122.087,37.6033,203.50878816436443,228.33334350585938,857.5,1
529,-122.087,37.6067,210.8134157846053,228.33334350585938,857.5,1
530,-122.087,37.6097,217.25867544952553,228.33334350585938,857.5,1
531,-122.087,37.6127,223.70393511444573,228.33334350585938,857.5,1
532,-122.087,37.6157,230.14919477936596,209.86666870117188,857.5,1
533,-122.087,37.6191,237.45382239962208,209.86666870117188,857.5,1
534,-122.087,37.6221,243.89908206454228,209.86666870117188,857.5,1
535,-122.087,37.6251,250.34434172946254,190.4225311279297,855.0,1
536,-122.087,37.6285,257.6489693497034,190.4225311279297,855.0,1
537,-122.087,37.6315,264.0942290146236,190.4225311279297,855.0,1
538,-122.087,37.6345,273.12286857076515,190.4225311279297,855.0,1
539,-122.087,37.6378,287.51992875154934,190.14083862304688,875.0,1
540,-122.087,37.6408,300.6081652795518,190.14083862304688,875.0,1
541,-122.087,37.6439,314.13267635850224,190.14083862304688,875.0,1
542,-122.087,37.6469,327.2209128865047,171.26760864257812,872.5,1
543,-122.087,37.6502,341.61797306728886,171.26760864257812,872.5,1
544,-122.087,37.6532,354.7062095952914,171.26760864257812,872.5,1
545,-122.087,37.6562,367.7944461232939,113.84614562988281,868.5714111328125,1
546,-122.087,37.6596,382.6277808550259,113.84614562988281,868.5714111328125,1
547,-122.087,37.6626,395.71601738302843,113.84614562988281,868.5714111328125,1
548,-122.087,37.6656,408.80425391103086,74.92063903808594,867.5,1
549,-122.087,37.669,427.02453448780426,74.92063903808594,867.5,1
550,-122.087,37.672,444.4674156737316,74.92063903808594,867.5,1
551,-122.087,37.675,461.910296859659,74.92063903808594,867.5,1
552,-122.087,37.678,479.35317804558645,74.92063903808594,885.7142333984375,1
553,-122.087,37.6813,498.5403473501231,74.92063903808594,885.7142333984375,1
554,-122.087,37.6844,516.5646579088927,74.92063903808594,885.7142333984375,1
555,-122.087,37.6874,534.0075390948202,8.886419296264648,15.554567337036133,1
556,-122.087,37.6907,553.1947083993568,8.886419296264648,15.554567337036133,1
557,-122.087,37.6937,570.6375895852842,8.886419296264648,15.554567337036133,1
558,-122.093,37.6003,187.87571813750668,228.33334350585938,857.5,1
559,-122.093,37.6033,196.2228577035503,228.33334350585938,857.5,1
560,-122.093,37.6067,205.68294921173046,228.33334350585938,857.5,1
561,-122.093,37.6097,214.0300887777741,228.33334350585938,857.5,1
562,-122.093,37.6127,222.3772283438177,228.33334350585938,857.5,1
563,-122.093,37.6157,230.72436790986131,209.86666870117188,857.5,1
564,-122.093,37.6191,240.18445941806118,209.86666870117188,857.5,1
565,-122.093,37.6221,248.53159898410482,209.86666870117188,857.5,1
566,-122.093,37.6251,256.87873855014846,190.4225311279297,855.0,1
567,-122.093,37.6285,266.3388300583286,190.4225311279297,855.0,1
568,-122.093,37.6315,274.68596962437226,190.4225311279297,855.0,1
569,-122.093,37.6345,282.52769846118815,190.4225311279297,855.0,1
570,-122.093,37.6378,290.2799616354517,190.14083862304688,875.0,1
571,-122.093,37.6408,297.32747361206395,190.14083862304688,875.0,1
572,-122.093,37.6439,304.6099026545712,190.14083862304688,875.0,1
573,-122.093,37.6469,311.6574146311835,171.26760864257812,872.5,1
574,-122.093,37.6502,319.4096778054471,171.26760864257812,872.5,1
575,-122.093,37.6532,326.4571897820594,171.26760864257812,872.5,1
576,-122.093,37.6562,333.50470175867173,113.84614562988281,868.5714111328125,1
577,-122.093,37.6596,341.49188199883014,113.84614562988281,868.5714111328125,1
578,-122.093,37.6626,348.53939397544247,113.84614562988281,868.5714111328125,1
579,-122.093,37.6656,355.58690595205474,74.92063903808594,867.5,1
580,-122.093,37.669,378.83955956712174,74.92063903808594,867.5,1
581,-122.093,37.672,405.5141087401115,74.92063903808594,867.5,1
582,-122.093,37.675,432.18865791310117,74.92063903808594,867.5,1
583,-122.093,37.678,458.8632070860908,74.92063903808594,885.7142333984375,1
584,-122.093,37.6813,488.2052111764048,74.92063903808594,885.7142333984375,1
585,-122.093,37.6844,515.7689119884606,74.92063903808594,885.7142333984375,1
586,-122.093,37.6874,542.4434611614502,8.886419296264648,15.554567337036133,1
587,-122.093,37.6907,571.7854652517641,8.886419296264648,15.554567337036133,1
588,-122.093,37.6937,598.4600144247538,8.886419296264648,15.554567337036133,1
589,-122.098,37.6003,180.21920950256597,247.2222137451172,857.5,1
590,-122.098,37.6033,190.15124898621093,247.2222137451172,857.5,1
591,-122.098,37.6067,201.40756040100547,267.56097412109375,857.5,1
592,-122.098,37.6097,211.3395998846504,267.56097412109375,857.5,1
593,-122.098,37.6127,221.27163936829535,267.56097412109375,857.5,1
594,-122.098,37.6157,231.2036788519403,248.25,857.5,1
595,-122.098,37.6191,242.4599902667583,248.25,857.5,1
596,-122.098,37.6221,252.39202975040325,248.25,857.5,1
597,-122.098,37.6251,262.3240692340483,228.974365234375,855.0,1
598,-122.098,37.6285,273.5803806488428,228.974365234375,855.0,1
599,-122.098,37.6315,283.51242013248765,228.974365234375,855.0,1
600,-122.098,37.6345,290.3650567031997,228.974365234375,855.0,1
601,-122.098,37.6378,292.57998903870134,190.14083862304688,872.5,1
602,-122.098,37.6408,294.59356388916,190.14083862304688,872.5,1
603,-122.098,37.6439,296.6742579013028,190.14083862304688,872.5,1
604,-122.098,37.6469,298.68783275176145,152.39437866210938,872.5,1
605,-122.098,37.6502,300.90276508726305,152.39437866210938,872.5,1
606,-122.098,37.6532,302.91633993772166,152.39437866210938,872.5,1
607,-122.098,37.6562,304.9299147881803,133.1343231201172,870.0,1
608,-122.098,37.6596,307.2119662853661,133.1343231201172,870.0,1
609,-122.098,37.6626,309.22554113582476,133.1343231201172,870.0,1
610,-122.098,37.6656,311.2391159862833,152.0,870.0,1
611,-122.098,37.669,338.6854137999244,152.0,870.0,1
612,-122.098,37.672,373.0530196287921,152.0,870.0,1
613,-122.098,37.675,407.4206254576597,152.0,870.0,1
614,-122.098,37.678,441.7882312865274,38.75,870.0,1
615,-122.098,37.6813,479.5925976983144,38.75,870.0,1
616,-122.098,37.6844,515.1057903881009,38.75,870.0,1
617,-122.098,37.6874,549.4733962169686,0.0,882.5,1
618,-122.098,37.6907,587.2777626287556,0.0,882.5,1
619,-122.098,37.6937,621.6453684576234,0.0,882.5,1
620,-122.104,37.6003,177.08608204529745,247.2222137451172,857.5,1
621,-122.104,37.6033,186.9468414630221,247.2222137451172,857.5,1
622,-122.104,37.6067,198.1223688031069,267.56097412109375,857.5,1
623,-122.104,37.6097,207.98312822083156,267.56097412109375,857.5,1
624,-122.104,37.6127,217.84388763855617,267.56097412109375,857.5,1
625,-122.104,37.6157,227.7046470562808,248.25,857.5,1
626,-122.104,37.6191,238.88017439638895,248.25,857.5,1
627,-122.104,37.6221,248.74093381411362,248.25,857.5,1
628,-122.104,37.6251,258.6016932318383,228.974365234375,855.0,1
629,-122.104,37.6285,269.77722057192307,228.974365234375,855.0,1
630,-122.104,37.6315,279.6379799896477,228.974365234375,855.0,1
631,-122.104,37.6345,285.9382596465991,228.974365234375,855.0,1
632,-122.104,37.6378,286.71402368285374,190.14083862304688,872.5,1
633,-122.104,37.6408,287.4192637158133,190.14083862304688,872.5,1
634,-122.104,37.6439,288.14801174987247,190.14083862304688,872.5,1
635,-122.104,37.6469,288.8532517828321,152.39437866210938,872.5,1
636,-122.104,37.6502,289.6290158190867,152.39437866210938,872.5,1
637,-122.104,37.6532,290.3342558520464,152.39437866210938,872.5,1
638,-122.104,37.6562,291.03949588500603,133.1343231201172,870.0,1
639,-122.104,37.6596,291.8387679223601,133.1343231201172,870.0,1
640,-122.104,37.6626,292.5440079553197,133.1343231201172,870.0,1
641,-122.104,37.6656,293.24924798827936,152.0,870.0,1
642,-122.104,37.669,319.1289048338956,152.0,870.0,1
643,-122.104,37.672,352.0803539061586,152.0,870.0,1
644,-122.104,37.675,385.03180297842164,152.0,870.0,1
645,-122.104,37.678,417.98325205068465,38.75,870.0,1
646,-122.104,37.6813,454.2298460302052,38.75,870.0,1
647,-122.104,37.6844,488.27967673816863,38.75,870.0,1
648,-122.104,37.6874,521.2311258104316,0.0,882.5,1
649,-122.104,37.6907,557.4777197899522,0.0,882.5,1
650,-122.104,37.6937,590.4291688622152,0.0,882.5,1
651,-122.11,37.6003,176.98029604035253,266.02740478515625,857.5,1
652,-122.11,37.6033,185.7831954086385,266.02740478515625,857.5,1
653,-122.11,37.6067,195.75981469269317,345.61798095703125,857.5,1
654,-122.11,37.6097,204.56271406097912,345.61798095703125,857.5,1
655,-122.11,37.6127,213.36561342926507,345.61798095703125,857.5,1
656,-122.11,37.6157,222.16851279755105,404.30108642578125,857.5,1
657,-122.11,37.6191,232.14513208162654,404.30108642578125,857.5,1
658,-122.11,37.6221,240.94803144991252,404.30108642578125,857.5,1
659,-122.11,37.6251,249.75093081819847,345.39324951171875,857.1428833007812,1
660,-122.11,37.6285,259.72755010225313,345.39324951171875,857.1428833007812,1
661,-122.11,37.6315,268.5304494705391,345.39324951171875,857.1428833007812,1
662,-122.11,37.6345,274.59564911651114,345.39324951171875,857.1428833007812,1
663,-122.11,37.6378,276.53505920714633,228.71795654296875,874.2857666015625,1
664,-122.11,37.6408,278.2981592895442,228.71795654296875,874.2857666015625,1
665,-122.11,37.6439,280.12002937469066,228.71795654296875,874.2857666015625,1
666,-122.11,37.6469,281.8831294570885,190.41094970703125,872.5,1
667,-122.11,37.6502,283.82253954772364,190.41094970703125,872.5,1
668,-122.11,37.6532,285.58563963012153,190.41094970703125,872.5,1
669,-122.11,37.6562,287.34873971251943,171.26760864257812,872.5,1
670,-122.11,37.6596,289.34691980590316,171.26760864257812,872.5,1
671,-122.11,37.6626,291.110019888301,171.26760864257812,872.5,1
672,-122.11,37.6656,292.87311997069884,190.270263671875,872.5,1
673,-122.11,37.669,313.8866288451428,190.270263671875,872.5,1
674,-122.11,37.672,340.0980087889866,190.270263671875,872.5,1
675,-122.11,37.675,366.30938873283037,190.270263671875,872.5,1
676,-122.11,37.678,392.52076867667404,94.375,872.5,1
677,-122.11,37.6813,421.353286614927,94.375,872.5,1
678,-122.11,37.6844,448.43837922353237,94.375,872.5,1
679,-122.11,37.6874,474.64975916737615,18.95833396911621,872.5,1
680,-122.11,37.6907,503.4822771056292,18.95833396911621,872.5,1
681,-122.11,37.6937,529.6936570494729,18.95833396911621,872.5,1
682,-122.115,37.6003,176.89214103623192,266.02740478515625,857.5,1
683,-122.115,37.6033,184.8134903633198,266.02740478515625,857.5,1
684,-122.115,37.6067,193.79101960068363,345.61798095703125,857.5,1
685,-122.115,37.6097,201.71236892777154,345.61798095703125,857.5,1
686,-122.115,37.6127,209.63371825485942,345.61798095703125,857.5,1
687,-122.115,37.6157,217.5550675819473,404.30108642578125,857.5,1
688,-122.115,37.6191,226.53259681932985,404.30108642578125,857.5,1
689,-122.115,37.6221,234.45394614641776,404.30108642578125,857.5,1
690,-122.115,37.6251,242.3752954735057,345.39324951171875,857.1428833007812,1
691,-122.115,37.6285,251.35282471086947,345.39324951171875,857.1428833007812,1
692,-122.115,37.6315,259.2741740379574,345.39324951171875,857.1428833007812,1
693,-122.115,37.6345,265.14347367478024,345.39324951171875,857.1428833007812,1
694,-122.115,37.6378,268.05258881073155,228.71795654296875,874.2857666015625,1
695,-122.115,37.6408,270.6972389343271,228.71795654296875,874.2857666015625,1
696,-122.115,37.6439,273.4300440620455,228.71795654296875,874.2857666015625,1
697,-122.115,37.6469,276.074694185641,190.41094970703125,872.5,1
698,-122.115,37.6502,278.9838093215924,190.41094970703125,872.5,1
699,-122.115,37.6532,281.628459445188,190.41094970703125,872.5,1
700,-122.115,37.6562,284.2731095687836,171.26760864257812,872.5,1
701,-122.115,37.6596,287.2703797088577,171.26760864257812,872.5,1
702,-122.115,37.6626,289.9150298324533,171.26760864257812,872.5,1
703,-122.115,37.6656,292.55967995604885,190.270263671875,872.5,1
704,-122.115,37.669,309.5180655211864,190.270263671875,872.5,1
705,-122.115,37.672,330.11272119135276,190.270263671875,872.5,1
706,-122.115,37.675,350.7073768615191,190.270263671875,872.5,1
707,-122.115,37.678,371.3020325316854,94.375,872.5,1
708,-122.115,37.6813,393.956153768888,94.375,872.5,1
709,-122.115,37.6844,415.2372979613672,94.375,872.5,1
710,-122.115,37.6874,435.83195363153357,18.95833396911621,872.5,1
711,-122.115,37.6907,458.48607486873607,18.95833396911621,872.5,1
712,-122.115,37.6937,479.08073053890246,18.95833396911621,872.5,1
713,-122.121,37.6003,176.78635503128706,247.2222137451172,857.5,1
714,-122.121,37.6033,183.64984430893628,247.2222137451172,857.5,1
715,-122.121,37.6067,191.42846549026993,345.61798095703125,857.5,1
716,-122.121,37.6097,198.29195476791912,345.61798095703125,857.5,1
717,-122.121,37.6127,205.15544404556837,345.61798095703125,857.5,1
718,-122.121,37.6157,212.0189333232176,443.26531982421875,857.5,1
719,-122.121,37.6191,219.79755450456747,443.26531982421875,857.5,1
720,-122.121,37.6221,226.66104378221667,443.26531982421875,857.5,1
721,-122.121,37.6251,233.52453305986592,541.284423828125,855.0,1
722,-122.121,37.6285,241.30315424119954,541.284423828125,855.0,1
723,-122.121,37.6315,248.1666435188488,541.284423828125,855.0,1
724,-122.121,37.6345,253.80086314469227,541.284423828125,855.0,1
725,-122.121,37.6378,257.8736243350242,501.9230651855469,855.0,1
726,-122.121,37.6408,261.576134508058,501.9230651855469,855.0,1
727,-122.121,37.6439,265.40206168686365,501.9230651855469,855.0,1
728,-122.121,37.6469,269.1045718598974,287.31707763671875,875.0,1
729,-122.121,37.6502,273.1773330502294,287.31707763671875,875.0,1
730,-122.121,37.6532,276.87984322326315,287.31707763671875,875.0,1
731,-122.121,37.6562,280.582353396297,228.974365234375,855.0,1
732,-122.121,37.6596,284.7785315924008,228.974365234375,855.0,1
733,-122.121,37.6626,288.4810417654345,228.974365234375,855.0,1
734,-122.121,37.6656,292.1835519384683,228.71795654296875,872.5,1
735,-122.121,37.669,304.2757895324336,228.71795654296875,872.5,1
736,-122.121,37.672,318.1303760741807,228.71795654296875,872.5,1
737,-122.121,37.675,331.9849626159278,228.71795654296875,872.5,1
738,-122.121,37.678,345.8395491576749,209.59999084472656,874.2857666015625,1
739,-122.121,37.6813,361.0795943536099,209.59999084472656,874.2857666015625,1
740,-122.121,37.6844,375.3960004467311,209.59999084472656,874.2857666015625,1
741,-122.121,37.6874,389.2505869884782,95.0,874.2857666015625,1
742,-122.121,37.6907,404.49063218441313,95.0,874.2857666015625,1
743,-122.121,37.6937,418.3452187261603,95.0,874.2857666015625,1
744,-122.126,37.6003,176.69820002716614,229.0908966064453,860.0,1
745,-122.126,37.6033,182.6801392636148,229.0908966064453,860.0,1
746,-122.126,37.6067,189.45967039825473,326.279052734375,857.5,1
747,-122.126,37.6097,195.4416096347034,326.279052734375,857.5,1
748,-122.126,37.6127,201.42354887115204,326.279052734375,857.5,1
749,-122.126,37.6157,207.4054881076007,423.78948974609375,857.5,1
750,-122.126,37.6191,214.18501924225478,423.78948974609375,857.5,1
751,-122.126,37.6221,220.16695847870346,423.78948974609375,857.5,1
752,-122.126,37.6251,226.14889771515212,608.0,857.5,1
753,-122.126,37.6285,232.92842884979203,608.0,857.5,1
754,-122.126,37.6315,238.91036808624068,608.0,857.5,1
755,-122.126,37.6345,244.34868770293443,608.0,857.5,1
756,-122.126,37.6378,249.3911539385853,608.0,857.5,1
757,-122.126,37.6408,253.97521415281926,608.0,857.5,1
758,-122.126,37.6439,258.71207637419946,608.0,857.5,1
759,-122.126,37.6469,263.2961365884334,423.5789489746094,855.0,1
760,-122.126,37.6502,268.33860282408426,423.5789489746094,855.0,1
761,-122.126,37.6532,272.92266303831826,423.5789489746094,855.0,1
762,-122.126,37.6562,277.50672325255226,306.8235168457031,857.1428833007812,1
763,-122.126,37.6596,282.7019914953493,306.8235168457031,857.1428833007812,1
764,-122.126,37.6626,287.2860517095833,306.8235168457031,857.1428833007812,1
765,-122.126,37.6656,291.87011192381726,287.4698791503906,855.0,1
766,-122.126,37.669,299.9072262084646,287.4698791503906,855.0,1
767,-122.126,37.672,308.1450884765183,287.4698791503906,855.0,1
768,-122.126,37.675,316.38295074457216,287.4698791503906,855.0,1
769,-122.126,37.678,324.62081301262594,287.31707763671875,855.0,1
770,-122.126,37.6813,333.6824615074929,287.31707763671875,855.0,1
771,-122.126,37.6844,342.1949191844713,287.31707763671875,855.0,1
772,-122.126,37.6874,350.4327814525251,209.73684692382812,875.0,1
773,-122.126,37.6907,359.49442994739206,209.73684692382812,875.0,1
774,-122.126,37.6937,367.73229221544585,209.73684692382812,875.0,1
775,-122.132,37.6003,176.59241402222128,229.0908966064453,860.0,1
776,-122.132,37.6033,181.51649320923124,229.0908966064453,860.0,1
777,-122.132,37.6067,187.09711628784103,326.279052734375,857.5,1
778,-122.132,37.6097,192.02119547485103,326.279052734375,857.5,1
779,-122.132,37.6127,196.94527466186102,326.279052734375,857.5,1
780,-122.132,37.6157,201.86935384887096,423.78948974609375,857.5,1
781,-122.132,37.6191,207.44997692749237,423.78948974609375,857.5,1
782,-122.132,37.6221,212.37405611450237,423.78948974609375,857.5,1
783,-122.132,37.6251,217.29813530151233,608.0,857.5,1
784,-122.132,37.6285,222.8787583801221,608.0,857.5,1
785,-122.132,37.6315,227.8028375671321,608.0,857.5,1
786,-122.132,37.6345,233.00607717284652,608.0,857.5,1
787,-122.132,37.6378,239.21218946287792,608.0,857.5,1
788,-122.132,37.6408,244.85410972655012,608.0,857.5,1
789,-122.132,37.6439,250.68409399901762,608.0,857.5,1
790,-122.132,37.6469,256.32601426268985,423.5789489746094,855.0,1
791,-122.132,37.6502,262.53212655272125,423.5789489746094,855.0,1
792,-122.132,37.6532,268.1740468163935,423.5789489746094,855.0,1
793,-122.132,37.6562,273.8159670800657,306.8235168457031,857.1428833007812,1
794,-122.132,37.6596,280.21014337889244,306.8235168457031,857.1428833007812,1
795,-122.132,37.6626,285.85206364256464,306.8235168457031,857.1428833007812,1
796,-122.132,37.6656,291.49398390623685,287.4698791503906,855.0,1
797,-122.132,37.669,294.66495021971184,287.4698791503906,855.0,1
798,-122.132,37.672,296.16274335934634,287.4698791503906,855.0,1
799,-122.132,37.675,297.6605364989809,287.4698791503906,855.0,1
800,-122.132,37.678,299.15832963861544,287.31707763671875,855.0,1
801,-122.132,37.6813,300.80590209221486,287.31707763671875,855.0,1
802,-122.132,37.6844,302.3536216698353,287.31707763671875,855.0,1
803,-122.132,37.6874,303.8514148094698,209.73684692382812,875.0,1
804,-122.132,37.6907,305.49898726306924,209.73684692382812,875.0,1
805,-122.132,37.6937,306.99678040270373,209.73684692382812,875.0,1
806,-122.137,37.6003,240.74632635894343,228.33334350585938,860.0,1
807,-122.137,37.6033,244.91953562560525,228.33334350585938,860.0,1
808,-122.137,37.6067,249.64917279448738,345.61798095703125,857.5,1
809,-122.137,37.6097,253.8223820611492,345.61798095703125,857.5,1
810,-122.137,37.6127,257.99559132781104,345.61798095703125,857.5,1
811,-122.137,37.6157,262.1688005944728,502.11541748046875,857.5,1
812,-122.137,37.6191,266.8984377633648,502.11541748046875,857.5,1
813,-122.137,37.6221,271.07164703002667,502.11541748046875,857.5,1
814,-122.137,37.6251,275.2448562966885,608.0,857.5,1
815,-122.137,37.6285,279.9744934655706,608.0,857.5,1
816,-122.137,37.6315,284.14770273223246,608.0,857.5,1
817,-122.137,37.6345,288.73209237914597,608.0,857.5,1
818,-122.137,37.6378,294.48567564802545,608.0,859.8485107421875,1
819,-122.137,37.6408,299.716205892468,608.0,859.8485107421875,1
820,-122.137,37.6439,305.1210871450645,608.0,859.8485107421875,1
821,-122.137,37.6469,310.3516173895071,541.284423828125,857.5,1
822,-122.137,37.6502,316.10520065838654,541.284423828125,857.5,1
823,-122.137,37.6532,321.33573090282914,541.284423828125,857.5,1
824,-122.137,37.6562,326.5662611472718,404.30108642578125,857.5,1
825,-122.137,37.6596,332.49419542430513,404.30108642578125,857.5,1
826,-122.137,37.6626,337.72472566874774,404.30108642578125,857.5,1
827,-122.137,37.6656,342.9552559131903,326.2069091796875,857.5,1
828,-122.137,37.669,340.7201399766211,326.2069091796875,857.5,1
829,-122.137,37.672,335.4553199463964,326.2069091796875,857.5,1
830,-122.137,37.675,330.19049991617163,326.2069091796875,857.5,1
831,-122.137,37.678,324.9256798859469,345.39324951171875,857.1428833007812,1
832,-122.137,37.6813,319.1343778526947,345.39324951171875,857.1428833007812,1
833,-122.137,37.6844,313.6940638214691,345.39324951171875,857.1428833007812,1
834,-122.137,37.6874,308.42924379124435,325.9770202636719,857.1428833007812,1
835,-122.137,37.6907,302.63794175799217,325.9770202636719,857.1428833007812,1
836,-122.137,37.6937,297.37312172776745,325.9770202636719,857.1428833007812,1
837,-122.143,37.6003,345.76392327515134,228.33334350585938,860.0,1
838,-122.143,37.6033,349.0931126901284,228.33334350585938,860.0,1
839,-122.143,37.6067,352.8661940271014,345.61798095703125,857.5,1
840,-122.143,37.6097,356.1953834420785,345.61798095703125,857.5,1
841,-122.143,37.6127,359.5245728570556,345.61798095703125,857.5,1
842,-122.143,37.6157,362.8537622720327,502.11541748046875,857.5,1
843,-122.143,37.6191,366.6268436090136,502.11541748046875,857.5,1
844,-122.143,37.6221,369.9560330239907,502.11541748046875,857.5,1
845,-122.143,37.6251,373.2852224389678,608.0,857.5,1
846,-122.143,37.6285,377.05830377594083,608.0,857.5,1
847,-122.143,37.6315,380.3874931909179,608.0,857.5,1
848,-122.143,37.6345,384.0447029092418,608.0,857.5,1
849,-122.143,37.6378,388.6346401237407,608.0,859.8485107421875,1
850,-122.143,37.6408,392.8073103187451,608.0,859.8485107421875,1
851,-122.143,37.6439,397.1190695202543,608.0,859.8485107421875,1
852,-122.143,37.6469,401.29173971525864,541.284423828125,857.5,1
853,-122.143,37.6502,405.88167692975753,541.284423828125,857.5,1
854,-122.143,37.6532,410.054347124762,541.284423828125,857.5,1
855,-122.143,37.6562,414.22701731976633,404.30108642578125,857.5,1
856,-122.143,37.6596,418.95604354077,404.30108642578125,857.5,1
857,-122.143,37.6626,423.12871373577434,404.30108642578125,857.5,1
858,-122.143,37.6656,427.3013839307787,326.2069091796875,857.5,1
859,-122.143,37.669,417.98945993819825,326.2069091796875,857.5,1
860,-122.143,37.672,404.1094798585334,326.2069091796875,857.5,1
861,-122.143,37.675,390.22949977886856,326.2069091796875,857.5,1
862,-122.143,37.678,376.34951969920377,345.39324951171875,857.1428833007812,1
863,-122.143,37.6813,361.08154161155926,345.39324951171875,857.1428833007812,1
864,-122.143,37.6844,346.73889552925647,345.39324951171875,857.1428833007812,1
865,-122.143,37.6874,332.8589154495916,325.9770202636719,857.1428833007812,1
866,-122.143,37.6907,317.5909373619471,325.9770202636719,857.1428833007812,1
867,-122.143,37.6937,303.71095728228227,325.9770202636719,857.1428833007812,1
868,-122.149,37.6003,450.78152019135916,267.56097412109375,860.0,1
869,-122.149,37.6033,453.26668975465157,267.56097412109375,860.0,1
870,-122.149,37.6067,456.0832152597155,462.62628173828125,860.0,1
871,-122.149,37.6097,458.5683848230078,462.62628173828125,860.0,1
872,-122.149,37.6127,461.05355438630016,462.62628173828125,860.0,1
873,-122.149,37.6157,463.53872394959257,608.0,857.5,1
874,-122.149,37.6191,466.35524945466227,608.0,857.5,1
875,-122.149,37.6221,468.8404190179546,608.0,857.5,1
876,-122.149,37.6251,471.32558858124713,608.0,859.8485107421875,1
877,-122.149,37.6285,474.142114086311,608.0,859.8485107421875,1
878,-122.149,37.6315,476.62728364960344,608.0,859.8485107421875,1
879,-122.149,37.6345,479.35731343933764,608.0,859.8485107421875,1
880,-122.149,37.6378,482.78360459945605,608.0,1017.2027587890624,1
881,-122.149,37.6408,485.89841474502214,608.0,1017.2027587890624,1
882,-122.149,37.6439,489.11705189544404,608.0,1017.2027587890624,1
883,-122.149,37.6469,492.2318620410101,608.0,957.7465209960938,1
884,-122.149,37.6502,495.6581532011285,608.0,957.7465209960938,1
885,-122.149,37.6532,498.7729633466947,608.0,957.7465209960938,1
886,-122.149,37.6562,501.88777349226086,608.0,857.5,1
887,-122.149,37.6596,505.4178916572349,608.0,857.5,1
888,-122.149,37.6626,508.53270180280106,608.0,857.5,1
889,-122.149,37.6656,511.6475119483672,600.3571166992188,857.5,1
890,-122.149,37.669,495.25877989977545,600.3571166992188,857.5,1
891,-122.149,37.672,472.7636397706705,600.3571166992188,857.5,1
892,-122.149,37.675,450.26849964156554,600.3571166992188,857.5,1
893,-122.149,37.678,427.7733595124606,423.5789489746094,857.1428833007812,1
894,-122.149,37.6813,403.02870537042384,423.5789489746094,857.1428833007812,1
895,-122.149,37.6844,379.78372723704376,423.5789489746094,857.1428833007812,1
896,-122.149,37.6874,357.2885871079389,404.2553405761719,857.5,1
897,-122.149,37.6907,332.5439329659021,404.2553405761719,857.5,1
898,-122.149,37.6937,310.04879283679713,404.2553405761719,857.5,1
899,-122.154,37.6003,538.2961842881161,267.56097412109375,860.0,1
900,-122.154,37.6033,540.0780039750052,267.56097412109375,860.0,1
901,-122.154,37.6067,542.0973996201457,462.62628173828125,860.0,1
902,-122.154,37.6097,543.8792193070348,462.62628173828125,860.0,1
903,-122.154,37.6127,545.6610389939239,462.62628173828125,860.0,1
904,-122.154,37.6157,547.442858680813,608.0,857.5,1
905,-122.154,37.6191,549.4622543259576,608.0,857.5,1
906,-122.154,37.6221,551.2440740128467,608.0,857.5,1
907,-122.154,37.6251,553.0258936997358,608.0,859.8485107421875,1
908,-122.154,37.6285,555.0452893448762,608.0,859.8485107421875,1
909,-122.154,37.6315,556.8271090317653,608.0,859.8485107421875,1
910,-122.154,37.6345,558.784488881009,608.0,859.8485107421875,1
911,-122.154,37.6378,561.2410749958112,608.0,1017.2027587890624,1
912,-122.154,37.6408,563.4743351001796,608.0,1017.2027587890624,1
913,-122.154,37.6439,565.7820372080296,608.0,1017.2027587890624,1
914,-122.154,37.6469,568.0152973123979,608.0,957.7465209960938,1
915,-122.154,37.6502,570.4718834272002,608.0,957.7465209960938,1
916,-122.154,37.6532,572.7051435315686,608.0,957.7465209960938,1
917,-122.154,37.6562,574.938403635937,608.0,857.5,1
918,-122.154,37.6596,577.4694317542208,608.0,857.5,1
919,-122.154,37.6626,579.7026918585891,608.0,857.5,1
920,-122.154,37.6656,581.9359519629577,600.3571166992188,857.5,1
921,-122.154,37.669,559.6498798676954,600.3571166992188,857.5,1
922,-122.154,37.672,529.9754396973972,600.3571166992188,857.5,1
923,-122.154,37.675,500.30099952709895,600.3571166992188,857.5,1
924,-122.154,37.678,470.6265593568007,423.5789489746094,857.1428833007812,1
925,-122.154,37.6813,437.98467516944453,423.5789489746094,857.1428833007812,1
926,-122.154,37.6844,407.32108699350715,423.5789489746094,857.1428833007812,1
927,-122.154,37.6874,377.6466468232089,404.2553405761719,857.5,1
928,-122.154,37.6907,345.0047626358528,404.2553405761719,857.5,1
929,-122.154,37.6937,315.33032246555456,404.2553405761719,857.5,1
930,-122.16,37.6003,643.313781204324,286.9047546386719,860.0,1
931,-122.16,37.6033,644.2515810395284,286.9047546386719,860.0,1
932,-122.16,37.6067,645.3144208527597,482.11541748046875,860.0,1
933,-122.16,37.6097,646.2522206879642,482.11541748046875,860.0,1
934,-122.16,37.6127,647.1900205231684,482.11541748046875,860.0,1
935,-122.16,37.6157,648.1278203583728,592.0,860.0,1
936,-122.16,37.6191,649.1906601716064,592.0,860.0,1
937,-122.16,37.6221,650.1284600068107,592.0,860.0,1
938,-122.16,37.6251,651.0662598420151,592.0,898.8235473632812,1
939,-122.16,37.6285,652.1290996552464,592.0,898.8235473632812,1
940,-122.16,37.6315,653.0668994904509,592.0,898.8235473632812,1
941,-122.16,37.6345,654.0970994111049,592.0,898.8235473632812,1
942,-122.16,37.6378,655.3900394715265,592.0,1056.923095703125,1
943,-122.16,37.6408,656.5654395264568,592.0,1056.923095703125,1
944,-122.16,37.6439,657.7800195832193,592.0,1056.923095703125,1
945,-122.16,37.6469,658.9554196381496,592.0,997.2027587890625,1
946,-122.16,37.6502,660.2483596985711,592.0,997.2027587890625,1
947,-122.16,37.6532,661.4237597535014,592.0,997.2027587890625,1
948,-122.16,37.6562,662.5991598084316,608.0,957.7465209960938,1
949,-122.16,37.6596,663.9312798706856,608.0,957.7465209960938,1
950,-122.16,37.6626,665.1066799256158,608.0,957.7465209960938,1
951,-122.16,37.6656,666.282079980546,608.0,1116.737548828125,1
952,-122.16,37.669,636.9191998292727,608.0,1116.737548828125,1
953,-122.16,37.672,598.6295996095345,608.0,1116.737548828125,1
954,-122.16,37.675,560.339999389796,608.0,1116.737548828125,1
955,-122.16,37.678,522.0503991700576,608.0,857.5,1
956,-122.16,37.6813,479.9318389283092,608.0,857.5,1
957,-122.16,37.6844,440.3659187012945,608.0,857.5,1
958,-122.16,37.6874,402.07631848155626,541.284423828125,857.5,1
959,-122.16,37.6907,359.9577582398078,541.284423828125,857.5,1
960,-122.16,37.6937,321.6681580200694,541.284423828125,857.5,1
