id,Latitude,Longitude,PlanArea,NumberOfStories,YearBuilt,ReplacementCost,StructureValue,StructureType,BuildingType,OccupancyClass_Actual,NumberOfUnits,CensusBlock,CensusTract,FootprintID,geometry,OccupancyClass,DesignLevel,HeightClass
0,37.627287472732206,-122.05367768325539,660.0,1.0,1932.0,161023.5,107349.0,W2,W,IND1,1.0,60014382042005.0,6001438204.0,32235.0,POINT (-122.05367768325539 37.627287472732206),IND1,Pre-Code,
1,37.67816389016094,-122.08937410966774,1885.0,1.0,1957.0,482258.39999999997,321505.6,W1,W,RES1,1.0,60014355002015.0,6001435500.0,9979.0,POINT (-122.08937410966774 37.67816389016094),RES1,Moderate-Code,
2,37.681405935668785,-122.06551385038311,1872.0,1.0,1979.0,377872.55999999994,251915.03999999998,W1,W,RES3A,2.0,60014353002005.0,6001435300.0,17373.0,POINT (-122.06551385038311 37.681405935668785),RES3,High-Code,
3,37.63864573536636,-122.08147227991887,1059.0,1.0,1953.0,270934.56,180623.04,W1,W,RES1,1.0,60014376002002.0,6001437600.0,37259.0,POINT (-122.08147227991887 37.63864573536636),RES1,Moderate-Code,
4,37.62652441668858,-122.08764830375577,1763.0,2.0,2001.0,902091.8400000001,601394.56,W1,W,RES1,1.0,60014383002012.0,6001438300.0,17951.0,POINT (-122.08764830375577 37.62652441668858),RES1,High-Code,
5,37.662931805573585,-122.059048231576,953.4161026971461,1.0,1954.0,243921.97571403786,162614.65047602524,W1,W,RES1,1.0,60014351021011.0,6001435102.0,15288.0,POINT (-122.059048231576 37.662931805573585),RES1,Moderate-Code,
6,37.64778429783556,-122.14485187207629,7105.1932535,1.0,1988.0,1858185.6656215873,1238790.4437477249,S4,S,GOV1,1.0,60014371014038.0,6001437101.0,20591.0,POINT (-122.14485187207629 37.64778429783556),GOV1,High-Code,Low-Rise
7,37.64636003571244,-122.09140861009202,1040.0,1.0,1955.0,266073.6,177382.4,W1,W,RES1,1.0,60014374001014.0,6001437400.0,8283.0,POINT (-122.09140861009202 37.64636003571244),RES1,Moderate-Code,
8,37.63111151871838,-122.08077684626316,1000.0,1.0,1955.0,255840.0,170560.0,W1,W,RES1,1.0,60014382012002.0,6001438201.0,18841.0,POINT (-122.08077684626316 37.63111151871838),RES1,Moderate-Code,
9,37.67520597325202,-122.09426695355246,3493.00971113,1.0,1941.0,893651.6044954993,595767.7363303328,W1,W,RES1,1.0,60014355003016.0,6001435500.0,4737.0,POINT (-122.09426695355246 37.67520597325202),RES1,Moderate-Code,
10,37.64683854259294,-122.09427567169297,1997.168436965404,1.0,1958.0,510955.572913229,340637.0486088193,W1,W,RES1,1.0,60014368002002.0,6001436800.0,1576.0,POINT (-122.09427567169297 37.64683854259294),RES1,Moderate-Code,
11,37.66606136123548,-122.1062701390888,9412.615387953656,3.0,2012.0,5659287.938930196,3772858.625953464,RM1,M,COM1,2.0,60014367002011.0,6001436700.0,27292.0,POINT (-122.1062701390888 37.66606136123548),COM1,High-Code,Low-Rise
12,37.62672680725694,-122.0630311627704,1200.0,2.0,2002.0,614016.0,409344.0,W1,W,RES1,1.0,60014382041016.0,6001438204.0,8063.0,POINT (-122.0630311627704 37.62672680725694),RES1,High-Code,
13,37.62460235595342,-122.07866590854928,528.4193612573937,1.0,1955.0,135190.80938409158,90127.20625606106,W1,W,RES1,1.0,60014382012002.0,6001438201.0,29260.0,POINT (-122.07866590854928 37.62460235595342),RES1,Moderate-Code,
14,37.63120751315309,-122.06143410996825,86.36815853960059,1.0,1964.0,9576.501418870914,6384.334279247276,MH,H,RES2,1.0,60014382041005.0,6001438204.0,2173.0,POINT (-122.06143410996825 37.63120751315309),RES2,Moderate-Code,
15,37.62729586351759,-122.05643250189505,358.8657664317823,1.5,1988.0,137718.32652586076,91812.21768390718,W1,W,RES1,1.0,60014382043002.0,6001438204.0,31575.0,POINT (-122.05643250189505 37.62729586351759),RES1,High-Code,
16,37.67976860714153,-122.08756848333553,2094.0,2.0,1968.0,1071457.92,714305.28,W1,W,RES1,1.0,60014355002007.0,6001435500.0,7649.0,POINT (-122.08756848333553 37.67976860714153),RES1,Moderate-Code,
17,37.64663340014135,-122.10762557580526,1172.0,1.0,1955.0,299844.48,199896.32,W1,W,RES1,1.0,60014372002000.0,6001437200.0,31448.0,POINT (-122.10762557580526 37.64663340014135),RES1,Moderate-Code,
18,37.63243431547939,-122.04395268239597,1059.3333333333333,1.5,1988.0,406529.76,271019.84,W1,W,RES1,1.0,60014351042000.0,6001435104.0,5944.0,POINT (-122.04395268239597 37.63243431547939),RES1,High-Code,
19,37.654816995555535,-122.03447773149863,1285.3333333333333,1.5,1968.0,493259.52,328839.68,W1,W,RES1,1.0,60014351023000.0,6001435102.0,14100.0,POINT (-122.03447773149863 37.654816995555535),RES1,Moderate-Code,
20,37.62233676179632,-122.06883333434264,2027.82616462,1.0,1963.0,224845.3651330656,149896.9100887104,MH,H,RES2,1.0,60014382031033.0,6001438203.0,5108.0,POINT (-122.06883333434264 37.62233676179632),RES2,Moderate-Code,
21,37.670032230192525,-122.09403866919588,1273.3989789681475,1.0,1950.0,257041.95089961542,171361.3005997436,W1,W,RES3A,2.0,60014363011010.0,6001436301.0,33449.0,POINT (-122.09403866919588 37.670032230192525),RES3,Moderate-Code,
22,37.62443194758318,-122.07134391578587,382.9763470304081,1.0,1952.0,97980.6686242596,65320.445749506405,W1,W,RES1,1.0,60014382031037.0,6001438203.0,23676.0,POINT (-122.07134391578587 37.62443194758318),RES1,Moderate-Code,
23,37.62010610294798,-122.046432984876,1419.0,1.0,1986.0,363036.96,242024.64,W1,W,RES1,1.0,60014381001007.0,6001438100.0,32949.0,POINT (-122.046432984876 37.62010610294798),RES1,High-Code,
24,37.62244196226977,-122.07312054216794,23.15384200899175,1.0,1970.0,2567.298001957005,1711.53200130467,MH,H,RES2,1.0,60014382012013.0,6001438201.0,15743.0,POINT (-122.07312054216794 37.62244196226977),RES2,Moderate-Code,
25,37.62171279071441,-122.09385738230056,1129.5554758348233,2.0,1977.0,577970.9458751624,385313.9639167749,W1,W,RES1,1.0,60014371012000.0,6001437101.0,36758.0,POINT (-122.09385738230056 37.62171279071441),RES1,High-Code,
26,37.669829321799426,-122.07408558620763,6463.686317177298,2.0,1963.0,4208829.345429998,2805886.2302866653,W1,W,RES3E,20.0,60014364032001.0,6001436403.0,9250.0,POINT (-122.07408558620763 37.669829321799426),RES3,Moderate-Code,
27,37.628492810396956,-122.06509508417973,1684.0,1.0,1977.0,430834.55999999994,287223.04,W1,W,RES1,1.0,60014382041018.0,6001438204.0,20512.0,POINT (-122.06509508417973 37.628492810396956),RES1,High-Code,
28,37.642989242802884,-122.09751740211408,1290.0,1.0,1958.0,330033.6,220022.4,W1,W,RES1,1.0,60014370001008.0,6001437000.0,4693.0,POINT (-122.09751740211408 37.642989242802884),RES1,Moderate-Code,
29,37.62387309129801,-122.11782009722614,1043.92977627,1.0,1977.0,273013.73473901174,182009.1564926745,RM1,M,GOV1,1.0,60014371011007.0,6001437101.0,25742.0,POINT (-122.11782009722614 37.62387309129801),GOV1,High-Code,Low-Rise
30,37.62139344065061,-122.08334084156412,2016.5922661066954,1.0,1965.0,515924.96536073694,343949.976907158,W1,W,RES1,1.0,60014384001006.0,6001438400.0,30762.0,POINT (-122.08334084156412 37.62139344065061),RES1,Moderate-Code,
31,37.66903702921934,-122.07400666589892,1372.9860934290034,2.0,1986.0,487272.7645579533,324848.5097053022,W1,W,RES3B,4.0,60014364032000.0,6001436403.0,5175.0,POINT (-122.07400666589892 37.66903702921934),RES3,High-Code,
32,37.633451455207144,-122.04426864519185,3171.4383665518094,3.0,1989.0,3320828.9708082327,2213885.980538822,W1,W,RES3D,13.0,60014351041009.0,6001435104.0,10912.0,POINT (-122.04426864519185 37.633451455207144),RES3,High-Code,
33,37.6279586784786,-122.07433927703983,1600.0,1.0,1963.0,409344.0,272896.0,W1,W,RES1,1.0,60014382013008.0,6001438201.0,8097.0,POINT (-122.07433927703983 37.6279586784786),RES1,Moderate-Code,
34,37.63021367907394,-122.08522244186754,999.3333333333334,1.5,1956.0,383504.16000000003,255669.44,W1,W,RES1,1.0,60014383001001.0,6001438300.0,25748.0,POINT (-122.08522244186754 37.63021367907394),RES1,Moderate-Code,
35,37.64913627474774,-122.10891797527259,2343.4827546,1.5,1981.0,599556.627936864,399704.418624576,W1,W,RES1,1.0,60014372005003.0,6001437200.0,9269.0,POINT (-122.10891797527259 37.64913627474774),RES1,High-Code,
36,37.64703608321557,-122.0070213969765,3954.69371631,2.0,2016.0,2023537.680761501,1349025.1205076673,W1,W,RES1,1.0,60014351034010.0,6001435103.0,35538.0,POINT (-122.0070213969765 37.64703608321557),RES1,High-Code,
37,37.642635068774624,-122.06557901966625,951.0,1.0,1950.0,243303.84,162202.56,W1,W,RES1,1.0,60014378002002.0,6001437800.0,36096.0,POINT (-122.06557901966625 37.642635068774624),RES1,Moderate-Code,
38,37.64682888158473,-122.08164140399728,982.0,2.0,2022.0,502469.76,334979.84,W1,W,RES1,1.0,60014375001001.0,6001437500.0,100091.0,POINT (-122.08164140399728 37.64682888158473),RES1,High-Code,
39,37.67828473061297,-122.06679881190104,6426.582091711617,1.5,1990.0,3364653.120570846,2243102.080380564,W1,W,RES3D,11.0,60014353002006.0,6001435300.0,27039.0,POINT (-122.06679881190104 37.67828473061297),RES3,High-Code,
40,37.636289562117874,-122.10433581147397,1107.0,1.0,1958.0,283214.88,188809.92,W1,W,RES1,1.0,60014372003008.0,6001437200.0,14947.0,POINT (-122.10433581147397 37.636289562117874),RES1,Moderate-Code,
41,37.65607533509688,-122.1107579455642,971.0,1.0,1951.0,248420.64,165613.76,W1,W,RES1,1.0,60014369003001.0,6001436900.0,24679.0,POINT (-122.1107579455642 37.65607533509688),RES1,Moderate-Code,
42,37.619199132292955,-122.03134780859908,1175.0,1.0,1956.0,300612.0,200408.0,W1,W,RES1,1.0,60014380002007.0,6001438000.0,21333.0,POINT (-122.03134780859908 37.619199132292955),RES1,Moderate-Code,
43,37.624013763175526,-122.07366943818091,26.993625559827958,1.0,1970.0,2993.0532020737237,1995.3688013824826,MH,H,RES2,1.0,60014382012012.0,6001438201.0,23054.0,POINT (-122.07366943818091 37.624013763175526),RES2,Moderate-Code,
44,37.620966331381766,-122.09334010675792,1404.0,1.0,1985.0,359199.36,239466.24,W1,W,RES1,1.0,60014371012008.0,6001437101.0,20982.0,POINT (-122.09334010675792 37.620966331381766),RES1,High-Code,
45,37.638562684839265,-122.10756665355375,1244.0,1.0,1961.0,318264.96,212176.64,W1,W,RES1,1.0,60014372003002.0,6001437200.0,3273.0,POINT (-122.10756665355375 37.638562684839265),RES1,Moderate-Code,
46,37.63429092864325,-122.0583705909151,1811.0,1.0,1952.0,463326.24000000005,308884.16000000003,W1,W,RES1,1.0,60014382042016.0,6001438204.0,8611.0,POINT (-122.0583705909151 37.63429092864325),RES1,Moderate-Code,
47,37.65753211405059,-122.0802412512368,1139.0,1.0,1951.0,291401.76,194267.84,W1,W,RES1,1.0,60014366011005.0,6001436601.0,37317.0,POINT (-122.0802412512368 37.65753211405059),RES1,Moderate-Code,
48,37.67494836698594,-122.08108133156902,101200.69897261079,1.0,1952.0,20282138.084595792,13521425.389730528,RM1,M,COM1,26.0,60014354001013.0,6001435400.0,5496.0,POINT (-122.08108133156902 37.67494836698594),COM1,Moderate-Code,Low-Rise
49,37.65019600166318,-122.1384194664006,19291.0,1.0,1987.0,3920027.6550000003,2613351.77,RM1,M,COM2,1.0,60014371014012.0,6001437101.0,36619.0,POINT (-122.1384194664006 37.65019600166318),COM2,High-Code,Low-Rise
