,POP,UNITS,OCCUPIED,state,county,tract,block,cb_code
8412,0,0,0,06,001,431100,2007,060014311002007
8413,0,0,0,06,001,431100,2008,060014311002008
8419,0,0,0,06,001,431200,2017,060014312002017
8420,0,0,0,06,001,431200,2020,060014312002020
8421,0,0,0,06,001,431200,2023,060014312002023
8424,402,220,200,06,001,431200,3011,060014312003011
8426,0,0,0,06,001,431200,3017,060014312003017
8453,879,441,430,06,001,431200,2016,060014312002016
8454,0,0,0,06,001,431200,2018,060014312002018
8455,0,0,0,06,001,431200,2019,060014312002019
8456,71,24,18,06,001,431200,2021,060014312002021
8457,0,0,0,06,001,431200,2022,060014312002022
8458,5,0,0,06,001,431200,2024,060014312002024
8459,0,0,0,06,001,431200,2025,060014312002025
8475,0,0,0,06,001,431200,3016,060014312003016
8476,613,327,324,06,001,431200,3018,060014312003018
8478,0,0,0,06,001,431200,3021,060014312003021
8479,53,11,11,06,001,431200,3022,060014312003022
9725,0,0,0,06,001,435102,1002,060014351021002
9726,0,0,0,06,001,435102,1005,060014351021005
9727,98,31,31,06,001,435102,1008,060014351021008
9728,46,9,4,06,001,435102,1012,060014351021012
9729,392,185,180,06,001,435102,1015,060014351021015
9730,41,60,12,06,001,435102,2008,060014351022008
9731,0,0,0,06,001,435102,2011,060014351022011
9733,697,263,260,06,001,435102,3000,060014351023000
9734,83,31,31,06,001,435102,3003,060014351023003
9735,246,91,91,06,001,435102,3006,060014351023006
9736,57,25,23,06,001,435102,2003,060014351022003
9737,0,0,0,06,001,435102,2004,060014351022004
9738,47,18,18,06,001,435102,2005,060014351022005
9739,24,2,2,06,001,435102,2006,060014351022006
9740,0,0,0,06,001,435102,2007,060014351022007
9741,109,42,41,06,001,435102,2009,060014351022009
9742,0,0,0,06,001,435102,2010,060014351022010
9743,0,0,0,06,001,435102,2012,060014351022012
9745,0,0,0,06,001,435102,2015,060014351022015
9747,0,0,0,06,001,435102,2017,060014351022017
9748,74,24,24,06,001,435102,3001,060014351023001
9749,64,19,19,06,001,435102,3002,060014351023002
9750,132,46,46,06,001,435102,3004,060014351023004
9751,405,153,153,06,001,435102,3005,060014351023005
9752,254,85,85,06,001,435102,1000,060014351021000
9753,812,314,312,06,001,435102,1001,060014351021001
9754,0,0,0,06,001,435102,1003,060014351021003
9756,76,25,24,06,001,435102,1006,060014351021006
9757,164,56,56,06,001,435102,1007,060014351021007
9758,113,43,43,06,001,435102,1009,060014351021009
9759,0,0,0,06,001,435102,1010,060014351021010
9760,175,63,60,06,001,435102,1011,060014351021011
9761,0,0,0,06,001,435102,1013,060014351021013
9762,161,53,50,06,001,435102,1014,060014351021014
9763,0,0,0,06,001,435102,1017,060014351021017
9764,0,0,0,06,001,435102,1018,060014351021018
9765,0,0,0,06,001,435102,1019,060014351021019
9766,1598,128,124,06,001,435102,2000,060014351022000
9769,0,0,0,06,001,435102,1016,060014351021016
9772,0,0,0,06,001,435103,1009,060014351031009
9773,20,4,4,06,001,435103,1013,060014351031013
9780,116,33,33,06,001,435103,1049,060014351031049
9795,119,40,31,06,001,435103,4001,060014351034001
9796,216,89,89,06,001,435103,4004,060014351034004
9803,25,2,2,06,001,435103,1008,060014351031008
9804,0,0,0,06,001,435103,1010,060014351031010
9805,0,0,0,06,001,435103,1011,060014351031011
9806,0,0,0,06,001,435103,1012,060014351031012
9811,412,148,141,06,001,435103,1019,060014351031019
9812,139,45,45,06,001,435103,1020,060014351031020
9813,96,27,27,06,001,435103,1021,060014351031021
9814,301,78,78,06,001,435103,1022,060014351031022
9815,123,30,30,06,001,435103,1023,060014351031023
9816,115,36,36,06,001,435103,1024,060014351031024
9817,0,0,0,06,001,435103,1025,060014351031025
9818,0,0,0,06,001,435103,1026,060014351031026
9822,0,0,0,06,001,435103,1030,060014351031030
9826,0,0,0,06,001,435103,1035,060014351031035
9835,121,32,32,06,001,435103,1048,060014351031048
9884,682,248,247,06,001,435103,4000,060014351034000
9885,59,15,15,06,001,435103,4002,060014351034002
9886,90,23,23,06,001,435103,4003,060014351034003
9887,105,34,34,06,001,435103,4005,060014351034005
9888,214,80,78,06,001,435103,4006,060014351034006
9889,279,101,101,06,001,435103,4007,060014351034007
9890,133,38,32,06,001,435103,4008,060014351034008
9891,54,18,15,06,001,435103,4009,060014351034009
9892,106,27,27,06,001,435103,4010,060014351034010
9893,206,77,77,06,001,435103,4011,060014351034011
9896,0,0,0,06,001,435103,4014,060014351034014
9900,0,0,0,06,001,435103,4018,060014351034018
9901,0,0,0,06,001,435103,4019,060014351034019
9904,0,0,0,06,001,435104,1018,060014351041018
9905,37,15,13,06,001,435104,1021,060014351041021
9906,82,23,20,06,001,435104,2002,060014351042002
9907,84,24,24,06,001,435104,2006,060014351042006
9908,0,0,0,06,001,435104,3001,060014351043001
9909,449,132,132,06,001,435104,3004,060014351043004
9910,933,418,291,06,001,435104,4001,060014351044001
9911,0,0,0,06,001,435104,4004,060014351044004
9912,51,10,5,06,001,435104,1007,060014351041007
9913,713,280,265,06,001,435104,1008,060014351041008
9914,656,291,287,06,001,435104,1009,060014351041009
9915,242,75,71,06,001,435104,1010,060014351041010
9916,215,110,110,06,001,435104,1011,060014351041011
9917,0,0,0,06,001,435104,1012,060014351041012
9918,73,23,17,06,001,435104,1013,060014351041013
9919,101,34,29,06,001,435104,1014,060014351041014
9920,381,203,176,06,001,435104,1015,060014351041015
9921,36,2,1,06,001,435104,1016,060014351041016
9922,96,62,62,06,001,435104,1017,060014351041017
9923,65,25,25,06,001,435104,1019,060014351041019
9924,77,24,22,06,001,435104,1020,060014351041020
9925,187,51,51,06,001,435104,2000,060014351042000
9926,59,14,12,06,001,435104,2001,060014351042001
9927,89,23,23,06,001,435104,2003,060014351042003
9928,87,23,23,06,001,435104,2004,060014351042004
9929,225,85,85,06,001,435104,2005,060014351042005
9930,59,13,10,06,001,435104,2007,060014351042007
9931,0,0,0,06,001,435104,3000,060014351043000
9932,1422,663,612,06,001,435104,3002,060014351043002
9933,0,0,0,06,001,435104,3003,060014351043003
9934,0,0,0,06,001,435104,3005,060014351043005
9935,0,0,0,06,001,435104,3006,060014351043006
9936,0,0,0,06,001,435104,4000,060014351044000
9937,0,0,0,06,001,435104,4002,060014351044002
9938,794,315,273,06,001,435104,4003,060014351044003
9939,0,0,0,06,001,435104,4005,060014351044005
9940,0,0,0,06,001,435104,4006,060014351044006
9941,17,2,2,06,001,435104,1000,060014351041000
9943,0,0,0,06,001,435104,1003,060014351041003
9944,0,0,0,06,001,435104,1005,060014351041005
9945,0,0,0,06,001,435104,1006,060014351041006
9949,246,81,80,06,001,435200,1010,060014352001010
9957,186,72,72,06,001,435200,1009,060014352001009
9975,233,42,39,06,001,435300,1001,060014353001001
9976,42,15,15,06,001,435300,1004,060014353001004
9977,36,15,15,06,001,435300,1008,060014353001008
9978,151,60,60,06,001,435300,1011,060014353001011
9979,28,4,4,06,001,435300,2000,060014353002000
9980,46,16,15,06,001,435300,2004,060014353002004
9981,26,5,5,06,001,435300,2007,060014353002007
9985,162,41,41,06,001,435300,1002,060014353001002
9988,35,9,9,06,001,435300,1006,060014353001006
9989,558,169,166,06,001,435300,1007,060014353001007
9991,88,31,31,06,001,435300,1010,060014353001010
9992,95,21,17,06,001,435300,1012,060014353001012
9993,61,20,13,06,001,435300,1013,060014353001013
9994,405,192,187,06,001,435300,2001,060014353002001
9995,133,45,45,06,001,435300,2002,060014353002002
9996,224,68,64,06,001,435300,2003,060014353002003
9997,56,15,2,06,001,435300,2005,060014353002005
9998,750,300,289,06,001,435300,2006,060014353002006
9999,122,48,48,06,001,435300,2008,060014353002008
10000,236,88,86,06,001,435300,2009,060014353002009
10003,0,0,0,06,001,435400,1003,060014354001003
10004,0,0,0,06,001,435400,1021,060014354001021
10005,60,17,17,06,001,435400,1024,060014354001024
10006,77,30,25,06,001,435400,1027,060014354001027
10007,0,0,0,06,001,435400,2000,060014354002000
10008,98,49,43,06,001,435400,2003,060014354002003
10009,107,55,44,06,001,435400,2006,060014354002006
10010,39,13,13,06,001,435400,2010,060014354002010
10011,16,14,14,06,001,435400,2013,060014354002013
10012,41,5,2,06,001,435400,2016,060014354002016
10013,0,0,0,06,001,435400,2019,060014354002019
10014,71,19,19,06,001,435400,2023,060014354002023
10015,42,26,26,06,001,435400,3002,060014354003002
10016,170,47,47,06,001,435400,3006,060014354003006
10017,31,14,14,06,001,435400,3009,060014354003009
10018,0,0,0,06,001,435400,3012,060014354003012
10019,70,24,24,06,001,435400,3015,060014354003015
10020,89,82,82,06,001,435400,3000,060014354003000
10021,0,0,0,06,001,435400,3001,060014354003001
10022,0,0,0,06,001,435400,3003,060014354003003
10023,14,4,0,06,001,435400,3004,060014354003004
10024,395,146,146,06,001,435400,3005,060014354003005
10025,130,64,48,06,001,435400,3007,060014354003007
10026,243,107,107,06,001,435400,3008,060014354003008
10027,29,13,13,06,001,435400,3010,060014354003010
10028,71,50,39,06,001,435400,3011,060014354003011
10029,61,15,15,06,001,435400,3013,060014354003013
10030,48,26,26,06,001,435400,3014,060014354003014
10031,209,88,88,06,001,435400,3016,060014354003016
10032,236,263,142,06,001,435400,1000,060014354001000
10033,86,34,32,06,001,435400,1001,060014354001001
10034,23,1,1,06,001,435400,1002,060014354001002
10035,0,0,0,06,001,435400,1004,060014354001004
10036,0,0,0,06,001,435400,1005,060014354001005
10037,88,25,25,06,001,435400,1006,060014354001006
10038,0,0,0,06,001,435400,1007,060014354001007
10039,0,0,0,06,001,435400,1008,060014354001008
10040,278,132,125,06,001,435400,1009,060014354001009
10041,0,0,0,06,001,435400,1010,060014354001010
10042,159,58,58,06,001,435400,1011,060014354001011
10043,0,0,0,06,001,435400,1012,060014354001012
10044,31,4,4,06,001,435400,1013,060014354001013
10045,21,1,1,06,001,435400,1014,060014354001014
10046,133,74,74,06,001,435400,1015,060014354001015
10047,0,0,0,06,001,435400,1016,060014354001016
10048,159,50,50,06,001,435400,1017,060014354001017
10049,0,0,0,06,001,435400,1018,060014354001018
10050,18,1,1,06,001,435400,1019,060014354001019
10051,62,9,9,06,001,435400,1020,060014354001020
10052,78,36,36,06,001,435400,1022,060014354001022
10053,120,48,48,06,001,435400,1023,060014354001023
10054,0,0,0,06,001,435400,1025,060014354001025
10055,0,0,0,06,001,435400,1026,060014354001026
10056,157,63,46,06,001,435400,1028,060014354001028
10057,0,0,0,06,001,435400,1029,060014354001029
10058,244,139,114,06,001,435400,1030,060014354001030
10059,172,74,74,06,001,435400,2001,060014354002001
10060,177,52,48,06,001,435400,2002,060014354002002
10061,47,24,24,06,001,435400,2004,060014354002004
10062,163,53,52,06,001,435400,2005,060014354002005
10063,14,1,1,06,001,435400,2007,060014354002007
10064,0,0,0,06,001,435400,2008,060014354002008
10065,19,3,3,06,001,435400,2009,060014354002009
10066,46,30,30,06,001,435400,2011,060014354002011
10067,0,0,0,06,001,435400,2012,060014354002012
10068,0,0,0,06,001,435400,2014,060014354002014
10069,23,3,3,06,001,435400,2015,060014354002015
10070,30,14,13,06,001,435400,2017,060014354002017
10071,55,23,22,06,001,435400,2018,060014354002018
10072,0,0,0,06,001,435400,2020,060014354002020
10073,16,4,4,06,001,435400,2021,060014354002021
10074,0,0,0,06,001,435400,2022,060014354002022
10075,73,32,32,06,001,435400,2024,060014354002024
10076,0,0,0,06,001,435400,2025,060014354002025
10077,0,0,0,06,001,435400,2026,060014354002026
10078,29,1,0,06,001,435400,2027,060014354002027
10079,0,0,0,06,001,435400,2028,060014354002028
10080,6,0,0,06,001,435400,2029,060014354002029
10081,0,0,0,06,001,435400,2030,060014354002030
10082,0,0,0,06,001,435400,2031,060014354002031
10083,0,0,0,06,001,435400,2032,060014354002032
10084,0,0,0,06,001,435400,2033,060014354002033
10085,17,6,6,06,001,435400,2034,060014354002034
10086,49,21,21,06,001,435400,2035,060014354002035
10087,251,124,108,06,001,435500,2009,060014355002009
10088,42,13,13,06,001,435500,2012,060014355002012
10089,122,33,27,06,001,435500,2015,060014355002015
10094,364,144,140,06,001,435500,2007,060014355002007
10110,61,8,8,06,001,435500,2000,060014355002000
10112,22,2,2,06,001,435500,2003,060014355002003
10114,65,20,20,06,001,435500,2006,060014355002006
10115,65,23,23,06,001,435500,2008,060014355002008
10117,122,38,38,06,001,435500,2011,060014355002011
10119,51,10,10,06,001,435500,2014,060014355002014
10120,118,43,43,06,001,435500,2016,060014355002016
10121,56,22,22,06,001,435500,2017,060014355002017
10124,48,11,11,06,001,435500,3003,060014355003003
10125,264,119,119,06,001,435500,3004,060014355003004
10126,125,37,37,06,001,435500,3005,060014355003005
10127,114,40,40,06,001,435500,3006,060014355003006
10129,113,29,29,06,001,435500,3008,060014355003008
10130,87,27,27,06,001,435500,3009,060014355003009
10133,136,42,32,06,001,435500,3012,060014355003012
10135,0,0,0,06,001,435500,3014,060014355003014
10136,0,0,0,06,001,435500,3015,060014355003015
10137,22,6,6,06,001,435500,3016,060014355003016
10147,1,1,0,06,001,435601,1005,060014356011005
10229,0,0,0,06,001,435700,4011,060014357004011
10230,0,0,0,06,001,435700,4012,060014357004012
10419,0,0,0,06,001,436200,1005,060014362001005
10422,0,0,0,06,001,436200,1001,060014362001001
10432,0,0,0,06,001,436200,2007,060014362002007
10434,32,26,24,06,001,436200,2009,060014362002009
10437,92,24,24,06,001,436301,1008,060014363011008
10440,17,1,1,06,001,436301,2000,060014363012000
10441,237,82,82,06,001,436301,2003,060014363012003
10442,74,17,17,06,001,436301,2007,060014363012007
10443,298,102,98,06,001,436301,2010,060014363012010
10444,174,51,47,06,001,436301,2013,060014363012013
10445,142,43,43,06,001,436301,2017,060014363012017
10446,230,72,72,06,001,436301,2020,060014363012020
10447,180,65,63,06,001,436301,2023,060014363012023
10448,0,0,0,06,001,436301,1000,060014363011000
10449,0,0,0,06,001,436301,1001,060014363011001
10450,220,62,62,06,001,436301,1002,060014363011002
10451,358,93,88,06,001,436301,1003,060014363011003
10452,155,35,35,06,001,436301,1004,060014363011004
10453,16,1,1,06,001,436301,1005,060014363011005
10454,33,6,6,06,001,436301,1006,060014363011006
10455,142,67,63,06,001,436301,1007,060014363011007
10456,0,0,0,06,001,436301,1009,060014363011009
10457,166,57,57,06,001,436301,1010,060014363011010
10460,0,0,0,06,001,436301,1014,060014363011014
10461,18,1,1,06,001,436301,1016,060014363011016
10462,0,0,0,06,001,436301,1017,060014363011017
10463,26,6,6,06,001,436301,2001,060014363012001
10464,177,58,58,06,001,436301,2002,060014363012002
10465,53,23,21,06,001,436301,2004,060014363012004
10466,65,19,12,06,001,436301,2005,060014363012005
10467,0,0,0,06,001,436301,2006,060014363012006
10468,0,0,0,06,001,436301,2008,060014363012008
10469,96,26,26,06,001,436301,2009,060014363012009
10470,235,86,79,06,001,436301,2011,060014363012011
10471,0,0,0,06,001,436301,2012,060014363012012
10472,109,35,35,06,001,436301,2014,060014363012014
10473,187,63,63,06,001,436301,2015,060014363012015
10474,143,45,45,06,001,436301,2016,060014363012016
10475,94,28,28,06,001,436301,2018,060014363012018
10476,57,16,16,06,001,436301,2019,060014363012019
10477,430,159,159,06,001,436301,2021,060014363012021
10478,198,62,58,06,001,436301,2022,060014363012022
10479,0,0,0,06,001,436301,2024,060014363012024
10480,16,4,4,06,001,436302,2007,060014363022007
10481,0,0,0,06,001,436302,3000,060014363023000
10482,50,13,13,06,001,436302,3003,060014363023003
10483,327,107,91,06,001,436302,3007,060014363023007
10484,59,13,13,06,001,436302,3010,060014363023010
10485,116,49,49,06,001,436302,3013,060014363023013
10486,200,121,115,06,001,436302,1000,060014363021000
10487,11,4,4,06,001,436302,1001,060014363021001
10488,532,140,125,06,001,436302,1002,060014363021002
10489,64,12,12,06,001,436302,1003,060014363021003
10490,165,46,46,06,001,436302,1004,060014363021004
10491,250,108,108,06,001,436302,1005,060014363021005
10492,0,0,0,06,001,436302,1006,060014363021006
10493,190,54,54,06,001,436302,1007,060014363021007
10494,94,45,45,06,001,436302,2000,060014363022000
10495,183,83,83,06,001,436302,2001,060014363022001
10496,116,51,51,06,001,436302,2002,060014363022002
10497,367,136,136,06,001,436302,2003,060014363022003
10498,123,47,47,06,001,436302,2004,060014363022004
10499,196,69,69,06,001,436302,2005,060014363022005
10500,152,46,43,06,001,436302,2006,060014363022006
10501,69,16,16,06,001,436302,2008,060014363022008
10502,152,48,48,06,001,436302,2009,060014363022009
10503,18,1,1,06,001,436302,3001,060014363023001
10504,104,30,30,06,001,436302,3002,060014363023002
10505,77,28,28,06,001,436302,3004,060014363023004
10506,0,0,0,06,001,436302,3005,060014363023005
10507,116,34,34,06,001,436302,3006,060014363023006
10508,80,23,23,06,001,436302,3008,060014363023008
10509,60,21,21,06,001,436302,3009,060014363023009
10510,16,1,1,06,001,436302,3011,060014363023011
10511,0,0,0,06,001,436302,3012,060014363023012
10515,54,19,19,06,001,436402,2002,060014364022002
10516,73,31,31,06,001,436402,2005,060014364022005
10525,384,155,155,06,001,436402,2000,060014364022000
10526,117,50,42,06,001,436402,2001,060014364022001
10527,414,177,172,06,001,436402,2003,060014364022003
10528,42,11,10,06,001,436402,2004,060014364022004
10529,0,0,0,06,001,436402,2006,060014364022006
10530,44,10,10,06,001,436402,2007,060014364022007
10533,0,0,0,06,001,436402,2010,060014364022010
10534,58,12,12,06,001,436403,3000,060014364033000
10535,41,7,0,06,001,436403,3003,060014364033003
10536,74,16,5,06,001,436403,4000,060014364034000
10537,531,193,181,06,001,436403,1000,060014364031000
10538,89,34,28,06,001,436403,1001,060014364031001
10539,59,22,22,06,001,436403,1002,060014364031002
10540,196,61,56,06,001,436403,1003,060014364031003
10541,258,87,86,06,001,436403,1004,060014364031004
10542,712,305,298,06,001,436403,2000,060014364032000
10543,308,148,143,06,001,436403,2001,060014364032001
10544,63,15,6,06,001,436403,2002,060014364032002
10545,0,0,0,06,001,436403,2003,060014364032003
10546,212,232,162,06,001,436403,2004,060014364032004
10547,112,54,54,06,001,436403,2005,060014364032005
10548,0,0,0,06,001,436403,3001,060014364033001
10549,84,27,27,06,001,436403,3002,060014364033002
10550,171,76,70,06,001,436403,3004,060014364033004
10551,433,195,195,06,001,436403,3005,060014364033005
10552,47,10,10,06,001,436403,4001,060014364034001
10553,314,114,110,06,001,436403,4002,060014364034002
10554,96,34,34,06,001,436403,4003,060014364034003
10555,0,0,0,06,001,436403,4004,060014364034004
10556,424,218,190,06,001,436403,4005,060014364034005
10574,0,0,0,06,001,436500,1000,060014365001000
10575,0,0,0,06,001,436500,1003,060014365001003
10576,82,16,15,06,001,436500,1006,060014365001006
10577,0,0,0,06,001,436500,1010,060014365001010
10578,0,0,0,06,001,436500,1013,060014365001013
10579,164,63,59,06,001,436500,1016,060014365001016
10580,0,0,0,06,001,436500,1019,060014365001019
10581,41,8,8,06,001,436500,1023,060014365001023
10582,81,20,20,06,001,436500,2015,060014365002015
10583,38,14,11,06,001,436500,3002,060014365003002
10584,0,0,0,06,001,436500,3005,060014365003005
10585,464,156,149,06,001,436500,3008,060014365003008
10586,26,6,6,06,001,436500,2002,060014365002002
10587,76,19,19,06,001,436500,2003,060014365002003
10588,61,18,18,06,001,436500,2004,060014365002004
10589,331,97,97,06,001,436500,2005,060014365002005
10590,30,6,6,06,001,436500,2006,060014365002006
10591,289,87,87,06,001,436500,2007,060014365002007
10592,255,100,100,06,001,436500,2008,060014365002008
10593,120,32,24,06,001,436500,2009,060014365002009
10594,119,39,33,06,001,436500,2010,060014365002010
10595,61,18,18,06,001,436500,2011,060014365002011
10596,0,0,0,06,001,436500,2012,060014365002012
10597,0,0,0,06,001,436500,2013,060014365002013
10598,55,7,0,06,001,436500,2014,060014365002014
10599,119,38,38,06,001,436500,3000,060014365003000
10600,0,0,0,06,001,436500,3001,060014365003001
10601,0,0,0,06,001,436500,3003,060014365003003
10602,0,0,0,06,001,436500,3004,060014365003004
10603,526,287,274,06,001,436500,3006,060014365003006
10604,197,82,78,06,001,436500,3007,060014365003007
10605,87,44,44,06,001,436500,3009,060014365003009
10606,0,0,0,06,001,436500,3010,060014365003010
10607,50,5,0,06,001,436500,1001,060014365001001
10608,172,82,71,06,001,436500,1004,060014365001004
10609,619,216,197,06,001,436500,1005,060014365001005
10610,0,0,0,06,001,436500,1007,060014365001007
10611,55,15,15,06,001,436500,1008,060014365001008
10612,0,0,0,06,001,436500,1009,060014365001009
10613,0,0,0,06,001,436500,1011,060014365001011
10614,385,123,119,06,001,436500,1012,060014365001012
10615,0,0,0,06,001,436500,1014,060014365001014
10616,0,0,0,06,001,436500,1015,060014365001015
10617,55,23,18,06,001,436500,1017,060014365001017
10618,103,43,42,06,001,436500,1018,060014365001018
10619,9,1,1,06,001,436500,1020,060014365001020
10620,556,228,217,06,001,436500,1021,060014365001021
10621,0,0,0,06,001,436500,1022,060014365001022
10622,0,0,0,06,001,436500,1024,060014365001024
10623,0,0,0,06,001,436500,1025,060014365001025
10624,0,0,0,06,001,436500,2000,060014365002000
10625,146,43,43,06,001,436500,2001,060014365002001
10626,0,0,0,06,001,436500,1002,060014365001002
10627,0,0,0,06,001,436601,1001,060014366011001
10628,13,0,0,06,001,436601,1004,060014366011004
10629,52,13,13,06,001,436601,1007,060014366011007
10630,111,38,38,06,001,436601,1011,060014366011011
10631,523,172,167,06,001,436601,2001,060014366012001
10632,0,0,0,06,001,436601,2004,060014366012004
10633,0,0,0,06,001,436601,2008,060014366012008
10634,200,55,52,06,001,436601,1000,060014366011000
10635,0,0,0,06,001,436601,1002,060014366011002
10636,0,0,0,06,001,436601,1003,060014366011003
10637,49,12,10,06,001,436601,1006,060014366011006
10638,290,78,73,06,001,436601,1008,060014366011008
10639,47,12,12,06,001,436601,1009,060014366011009
10640,0,0,0,06,001,436601,1010,060014366011010
10641,55,1,1,06,001,436601,1012,060014366011012
10642,0,0,0,06,001,436601,2000,060014366012000
10643,107,22,22,06,001,436601,2002,060014366012002
10644,390,107,107,06,001,436601,2003,060014366012003
10645,189,41,41,06,001,436601,2005,060014366012005
10646,162,36,36,06,001,436601,2006,060014366012006
10647,966,353,339,06,001,436601,2007,060014366012007
10648,0,0,0,06,001,436601,2009,060014366012009
10649,136,39,35,06,001,436601,2010,060014366012010
10650,128,24,24,06,001,436601,2011,060014366012011
10651,247,92,91,06,001,436601,2012,060014366012012
10652,104,24,24,06,001,436601,2013,060014366012013
10653,0,0,0,06,001,436601,3000,060014366013000
10654,0,0,0,06,001,436601,3001,060014366013001
10655,1073,304,299,06,001,436601,3002,060014366013002
10656,359,106,104,06,001,436601,3003,060014366013003
10657,89,20,20,06,001,436601,3004,060014366013004
10658,58,21,21,06,001,436601,3005,060014366013005
10659,0,0,0,06,001,436601,3006,060014366013006
10660,0,0,0,06,001,436601,3007,060014366013007
10661,278,65,57,06,001,436601,3008,060014366013008
10662,260,74,68,06,001,436601,3009,060014366013009
10663,875,247,243,06,001,436601,1005,060014366011005
10664,0,0,0,06,001,436602,1001,060014366021001
10665,0,0,0,06,001,436602,1004,060014366021004
10666,314,94,94,06,001,436602,2000,060014366022000
10667,29,1,1,06,001,436602,2003,060014366022003
10668,337,80,76,06,001,436602,2006,060014366022006
10669,116,25,25,06,001,436602,3002,060014366023002
10670,1423,563,563,06,001,436602,1000,060014366021000
10671,0,0,0,06,001,436602,1002,060014366021002
10672,379,163,157,06,001,436602,1003,060014366021003
10673,58,6,6,06,001,436602,1005,060014366021005
10674,0,0,0,06,001,436602,1006,060014366021006
10675,0,0,0,06,001,436602,1007,060014366021007
10676,153,39,39,06,001,436602,2001,060014366022001
10677,61,13,13,06,001,436602,2002,060014366022002
10678,109,24,24,06,001,436602,2004,060014366022004
10679,175,45,27,06,001,436602,2005,060014366022005
10680,879,303,287,06,001,436602,2007,060014366022007
10681,0,0,0,06,001,436602,3000,060014366023000
10682,0,0,0,06,001,436602,3001,060014366023001
10683,1256,482,482,06,001,436602,3003,060014366023003
10684,113,40,38,06,001,436602,3004,060014366023004
10685,413,137,127,06,001,436700,1000,060014367001000
10686,78,21,21,06,001,436700,1003,060014367001003
10687,148,46,46,06,001,436700,1007,060014367001007
10688,276,76,76,06,001,436700,2001,060014367002001
10689,86,24,24,06,001,436700,2004,060014367002004
10690,120,22,19,06,001,436700,2007,060014367002007
10691,162,51,51,06,001,436700,2021,060014367002021
10692,294,161,161,06,001,436700,1001,060014367001001
10693,0,0,0,06,001,436700,1002,060014367001002
10694,55,12,12,06,001,436700,1004,060014367001004
10695,104,23,23,06,001,436700,1005,060014367001005
10696,145,42,42,06,001,436700,1006,060014367001006
10697,175,49,49,06,001,436700,1008,060014367001008
10698,0,0,0,06,001,436700,2000,060014367002000
10699,0,0,0,06,001,436700,2002,060014367002002
10700,0,0,0,06,001,436700,2003,060014367002003
10701,418,148,142,06,001,436700,2005,060014367002005
10702,128,26,26,06,001,436700,2006,060014367002006
10703,107,21,21,06,001,436700,2008,060014367002008
10704,105,26,25,06,001,436700,2009,060014367002009
10705,170,50,50,06,001,436700,2010,060014367002010
10706,180,46,46,06,001,436700,2011,060014367002011
10707,0,0,0,06,001,436700,2012,060014367002012
10708,0,0,0,06,001,436700,2013,060014367002013
10709,69,15,8,06,001,436700,2014,060014367002014
10710,0,0,0,06,001,436700,2015,060014367002015
10711,219,64,64,06,001,436700,2016,060014367002016
10712,45,16,16,06,001,436700,2017,060014367002017
10713,71,18,18,06,001,436700,2018,060014367002018
10714,0,0,0,06,001,436700,2019,060014367002019
10715,121,40,40,06,001,436700,2020,060014367002020
10716,0,0,0,06,001,436800,1002,060014368001002
10717,0,0,0,06,001,436800,1006,060014368001006
10718,57,13,13,06,001,436800,2013,060014368002013
10719,98,32,32,06,001,436800,2016,060014368002016
10720,0,0,0,06,001,436800,1000,060014368001000
10721,29,2,1,06,001,436800,1001,060014368001001
10722,0,0,0,06,001,436800,1003,060014368001003
10723,395,170,170,06,001,436800,1004,060014368001004
10724,957,342,334,06,001,436800,1005,060014368001005
10725,0,0,0,06,001,436800,1007,060014368001007
10726,127,32,29,06,001,436800,1008,060014368001008
10727,868,352,328,06,001,436800,1009,060014368001009
10728,104,33,28,06,001,436800,1010,060014368001010
10729,0,0,0,06,001,436800,2000,060014368002000
10730,0,0,0,06,001,436800,2001,060014368002001
10731,487,128,118,06,001,436800,2002,060014368002002
10732,88,32,32,06,001,436800,2003,060014368002003
10733,92,25,25,06,001,436800,2004,060014368002004
10734,136,32,32,06,001,436800,2005,060014368002005
10735,113,32,32,06,001,436800,2006,060014368002006
10736,39,11,11,06,001,436800,2007,060014368002007
10737,64,13,13,06,001,436800,2008,060014368002008
10738,64,13,13,06,001,436800,2009,060014368002009
10739,56,11,11,06,001,436800,2010,060014368002010
10740,114,33,33,06,001,436800,2011,060014368002011
10741,50,12,12,06,001,436800,2012,060014368002012
10742,110,32,32,06,001,436800,2014,060014368002014
10743,58,12,12,06,001,436800,2015,060014368002015
10744,118,32,27,06,001,436800,2017,060014368002017
10745,117,32,32,06,001,436800,2018,060014368002018
10746,907,241,241,06,001,436900,1000,060014369001000
10747,298,75,73,06,001,436900,1004,060014369001004
10748,314,91,91,06,001,436900,1007,060014369001007
10749,77,19,19,06,001,436900,2001,060014369002001
10750,178,51,50,06,001,436900,2004,060014369002004
10751,143,31,31,06,001,436900,3002,060014369003002
10752,0,0,0,06,001,436900,3005,060014369003005
10753,93,28,28,06,001,436900,3008,060014369003008
10754,0,0,0,06,001,436900,4013,060014369004013
10755,105,28,23,06,001,436900,4016,060014369004016
10756,0,0,0,06,001,436900,1001,060014369001001
10757,151,30,30,06,001,436900,1002,060014369001002
10758,176,39,39,06,001,436900,1003,060014369001003
10759,700,176,174,06,001,436900,1005,060014369001005
10760,0,0,0,06,001,436900,1006,060014369001006
10761,233,72,72,06,001,436900,1008,060014369001008
10762,434,118,118,06,001,436900,2000,060014369002000
10763,86,20,10,06,001,436900,2002,060014369002002
10764,86,25,21,06,001,436900,2003,060014369002003
10765,61,22,22,06,001,436900,2005,060014369002005
10766,389,111,111,06,001,436900,3000,060014369003000
10767,117,35,35,06,001,436900,3001,060014369003001
10768,0,0,0,06,001,436900,3003,060014369003003
10769,0,0,0,06,001,436900,3004,060014369003004
10770,198,49,49,06,001,436900,3006,060014369003006
10771,112,35,35,06,001,436900,3007,060014369003007
10772,0,0,0,06,001,436900,3009,060014369003009
10773,76,17,16,06,001,436900,3010,060014369003010
10774,0,0,0,06,001,436900,4000,060014369004000
10775,220,76,66,06,001,436900,4001,060014369004001
10776,531,198,191,06,001,436900,4002,060014369004002
10777,360,138,138,06,001,436900,4003,060014369004003
10778,60,16,16,06,001,436900,4004,060014369004004
10779,0,0,0,06,001,436900,4005,060014369004005
10780,0,0,0,06,001,436900,4006,060014369004006
10781,137,36,35,06,001,436900,4007,060014369004007
10782,120,23,23,06,001,436900,4008,060014369004008
10783,161,33,33,06,001,436900,4009,060014369004009
10784,188,47,47,06,001,436900,4010,060014369004010
10785,58,11,11,06,001,436900,4011,060014369004011
10786,144,36,36,06,001,436900,4012,060014369004012
10787,0,0,0,06,001,436900,4014,060014369004014
10788,158,39,39,06,001,436900,4015,060014369004015
10789,28,4,4,06,001,436900,4017,060014369004017
10790,699,300,300,06,001,437000,1001,060014370001001
10791,72,17,17,06,001,437000,1005,060014370001005
10792,67,21,14,06,001,437000,1008,060014370001008
10793,64,23,18,06,001,437000,1011,060014370001011
10794,0,0,0,06,001,437000,2001,060014370002001
10795,0,0,0,06,001,437000,2004,060014370002004
10796,144,45,42,06,001,437000,2007,060014370002007
10797,0,0,0,06,001,437000,2010,060014370002010
10798,0,0,0,06,001,437000,3003,060014370003003
10799,48,11,5,06,001,437000,3019,060014370003019
10800,0,0,0,06,001,437000,3023,060014370003023
10801,104,58,58,06,001,437000,3026,060014370003026
10802,0,0,0,06,001,437000,1000,060014370001000
10803,0,0,0,06,001,437000,1002,060014370001002
10804,117,34,29,06,001,437000,1003,060014370001003
10805,70,21,21,06,001,437000,1004,060014370001004
10806,109,44,44,06,001,437000,1006,060014370001006
10807,71,22,22,06,001,437000,1007,060014370001007
10808,0,0,0,06,001,437000,1009,060014370001009
10809,102,22,21,06,001,437000,1010,060014370001010
10810,71,15,15,06,001,437000,1012,060014370001012
10811,0,0,0,06,001,437000,1013,060014370001013
10812,138,43,41,06,001,437000,2000,060014370002000
10813,0,0,0,06,001,437000,2002,060014370002002
10814,82,32,32,06,001,437000,2003,060014370002003
10815,134,40,38,06,001,437000,2005,060014370002005
10816,144,51,48,06,001,437000,2006,060014370002006
10817,160,68,68,06,001,437000,2008,060014370002008
10818,0,0,0,06,001,437000,2009,060014370002009
10819,0,0,0,06,001,437000,3000,060014370003000
10820,0,0,0,06,001,437000,3001,060014370003001
10821,0,0,0,06,001,437000,3002,060014370003002
10822,0,0,0,06,001,437000,3004,060014370003004
10823,87,21,21,06,001,437000,3005,060014370003005
10824,0,0,0,06,001,437000,3006,060014370003006
10825,0,0,0,06,001,437000,3007,060014370003007
10826,193,51,51,06,001,437000,3008,060014370003008
10827,0,0,0,06,001,437000,3009,060014370003009
10828,0,0,0,06,001,437000,3010,060014370003010
10829,0,0,0,06,001,437000,3011,060014370003011
10830,0,0,0,06,001,437000,3012,060014370003012
10831,0,0,0,06,001,437000,3013,060014370003013
10832,85,17,17,06,001,437000,3014,060014370003014
10833,0,0,0,06,001,437000,3015,060014370003015
10834,178,61,61,06,001,437000,3016,060014370003016
10835,74,16,16,06,001,437000,3017,060014370003017
10836,0,0,0,06,001,437000,3018,060014370003018
10837,53,14,14,06,001,437000,3020,060014370003020
10838,49,11,11,06,001,437000,3021,060014370003021
10839,0,0,0,06,001,437000,3022,060014370003022
10840,94,29,29,06,001,437000,3025,060014370003025
10841,0,0,0,06,001,437000,3027,060014370003027
10842,517,192,191,06,001,437000,3024,060014370003024
10843,0,0,0,06,001,437101,1001,060014371011001
10844,0,0,0,06,001,437101,1005,060014371011005
10845,54,15,15,06,001,437101,1008,060014371011008
10846,93,22,22,06,001,437101,1011,060014371011011
10847,108,24,24,06,001,437101,1015,060014371011015
10848,53,13,13,06,001,437101,1018,060014371011018
10849,65,15,15,06,001,437101,1021,060014371011021
10850,70,15,13,06,001,437101,1024,060014371011024
10851,48,12,12,06,001,437101,1034,060014371011034
10852,60,18,17,06,001,437101,1037,060014371011037
10853,0,0,0,06,001,437101,1056,060014371011056
10854,311,100,100,06,001,437101,2000,060014371012000
10855,101,32,32,06,001,437101,2003,060014371012003
10856,47,15,15,06,001,437101,2007,060014371012007
10857,54,23,21,06,001,437101,2010,060014371012010
10858,68,20,20,06,001,437101,2013,060014371012013
10859,98,38,38,06,001,437101,3003,060014371013003
10860,126,33,31,06,001,437101,3006,060014371013006
10861,87,24,24,06,001,437101,3009,060014371013009
10862,196,56,56,06,001,437101,3013,060014371013013
10863,18,4,4,06,001,437101,4001,060014371014001
10864,0,0,0,06,001,437101,4018,060014371014018
10865,0,0,0,06,001,437101,4021,060014371014021
10866,0,0,0,06,001,437101,4024,060014371014024
10867,19,6,2,06,001,437101,4028,060014371014028
10868,8,1,1,06,001,437101,4031,060014371014031
10869,0,0,0,06,001,437101,4034,060014371014034
10870,0,0,0,06,001,437101,4038,060014371014038
10871,0,0,0,06,001,437101,4041,060014371014041
10872,0,0,0,06,001,437101,4044,060014371014044
10873,0,0,0,06,001,437101,4048,060014371014048
10874,0,0,0,06,001,437101,4051,060014371014051
10875,123,40,40,06,001,437101,1032,060014371011032
10876,55,16,16,06,001,437101,1033,060014371011033
10877,64,24,24,06,001,437101,1035,060014371011035
10878,46,12,12,06,001,437101,1036,060014371011036
10879,305,114,113,06,001,437101,1038,060014371011038
10880,0,0,0,06,001,437101,1039,060014371011039
10881,0,0,0,06,001,437101,1040,060014371011040
10882,0,0,0,06,001,437101,1041,060014371011041
10883,52,14,14,06,001,437101,1042,060014371011042
10884,28,5,2,06,001,437101,1043,060014371011043
10885,40,7,7,06,001,437101,1044,060014371011044
10886,17,4,4,06,001,437101,1045,060014371011045
10887,69,26,26,06,001,437101,1046,060014371011046
10888,29,8,8,06,001,437101,1047,060014371011047
10889,51,14,14,06,001,437101,1048,060014371011048
10890,43,13,9,06,001,437101,1049,060014371011049
10891,0,0,0,06,001,437101,1050,060014371011050
10892,0,0,0,06,001,437101,1051,060014371011051
10893,0,0,0,06,001,437101,1052,060014371011052
10894,0,0,0,06,001,437101,1053,060014371011053
10895,0,0,0,06,001,437101,1054,060014371011054
10896,0,0,0,06,001,437101,1055,060014371011055
10897,0,0,0,06,001,437101,1057,060014371011057
10898,102,22,22,06,001,437101,1058,060014371011058
10899,92,34,27,06,001,437101,2001,060014371012001
10900,545,148,148,06,001,437101,2002,060014371012002
10901,45,15,15,06,001,437101,2004,060014371012004
10902,0,0,0,06,001,437101,2005,060014371012005
10903,87,26,26,06,001,437101,2006,060014371012006
10904,87,24,24,06,001,437101,2008,060014371012008
10905,212,77,77,06,001,437101,2009,060014371012009
10906,56,20,20,06,001,437101,2011,060014371012011
10907,52,14,14,06,001,437101,2012,060014371012012
10908,155,40,40,06,001,437101,3000,060014371013000
10909,0,0,0,06,001,437101,3001,060014371013001
10910,200,47,47,06,001,437101,3002,060014371013002
10911,124,40,40,06,001,437101,3004,060014371013004
10912,167,35,35,06,001,437101,3005,060014371013005
10913,72,15,15,06,001,437101,3007,060014371013007
10914,0,0,0,06,001,437101,3008,060014371013008
10915,184,43,43,06,001,437101,3010,060014371013010
10916,95,28,28,06,001,437101,3011,060014371013011
10917,160,43,43,06,001,437101,3012,060014371013012
10918,66,16,14,06,001,437101,3014,060014371013014
10919,0,0,0,06,001,437101,4000,060014371014000
10920,22,2,2,06,001,437101,4002,060014371014002
10921,0,0,0,06,001,437101,4003,060014371014003
10922,20,2,2,06,001,437101,4004,060014371014004
10923,22,2,1,06,001,437101,4005,060014371014005
10924,0,0,0,06,001,437101,4006,060014371014006
10925,30,9,9,06,001,437101,4007,060014371014007
10926,0,0,0,06,001,437101,4008,060014371014008
10927,0,0,0,06,001,437101,4009,060014371014009
10928,299,150,150,06,001,437101,4010,060014371014010
10929,27,7,7,06,001,437101,4011,060014371014011
10930,0,0,0,06,001,437101,4012,060014371014012
10931,0,0,0,06,001,437101,4013,060014371014013
10932,0,0,0,06,001,437101,4014,060014371014014
10933,0,0,0,06,001,437101,4015,060014371014015
10934,0,0,0,06,001,437101,4016,060014371014016
10935,0,0,0,06,001,437101,4017,060014371014017
10936,0,0,0,06,001,437101,4019,060014371014019
10937,0,0,0,06,001,437101,4020,060014371014020
10938,12,4,4,06,001,437101,4022,060014371014022
10939,0,0,0,06,001,437101,4023,060014371014023
10940,0,0,0,06,001,437101,4025,060014371014025
10941,0,0,0,06,001,437101,4026,060014371014026
10942,0,0,0,06,001,437101,4027,060014371014027
10943,3,0,0,06,001,437101,4029,060014371014029
10944,0,0,0,06,001,437101,4030,060014371014030
10945,0,0,0,06,001,437101,4032,060014371014032
10946,54,15,15,06,001,437101,4033,060014371014033
10947,10,4,4,06,001,437101,4035,060014371014035
10948,0,0,0,06,001,437101,4036,060014371014036
10949,37,3,3,06,001,437101,4037,060014371014037
10950,0,0,0,06,001,437101,4039,060014371014039
10951,0,0,0,06,001,437101,4040,060014371014040
10952,0,0,0,06,001,437101,4042,060014371014042
10953,0,0,0,06,001,437101,4043,060014371014043
10954,0,0,0,06,001,437101,4045,060014371014045
10955,10,1,1,06,001,437101,4046,060014371014046
10956,0,0,0,06,001,437101,4047,060014371014047
10957,0,0,0,06,001,437101,4049,060014371014049
10958,18,1,0,06,001,437101,4050,060014371014050
10959,0,0,0,06,001,437101,4052,060014371014052
10960,0,0,0,06,001,437101,4053,060014371014053
10961,10,2,0,06,001,437101,4054,060014371014054
10962,0,0,0,06,001,437101,4055,060014371014055
10963,23,2,2,06,001,437101,4056,060014371014056
10964,0,0,0,06,001,437101,4057,060014371014057
10965,0,0,0,06,001,437101,4058,060014371014058
10966,0,0,0,06,001,437101,4059,060014371014059
10967,0,0,0,06,001,437101,4060,060014371014060
10968,0,0,0,06,001,437101,4061,060014371014061
10969,0,0,0,06,001,437101,4062,060014371014062
10970,0,0,0,06,001,437101,4063,060014371014063
10971,0,0,0,06,001,437101,4064,060014371014064
10972,0,0,0,06,001,437101,1000,060014371011000
10973,0,0,0,06,001,437101,1002,060014371011002
10974,6,3,2,06,001,437101,1003,060014371011003
10975,0,0,0,06,001,437101,1004,060014371011004
10976,0,0,0,06,001,437101,1006,060014371011006
10977,756,214,214,06,001,437101,1007,060014371011007
10978,174,52,52,06,001,437101,1009,060014371011009
10979,75,18,15,06,001,437101,1010,060014371011010
10980,46,12,12,06,001,437101,1012,060014371011012
10981,241,61,61,06,001,437101,1013,060014371011013
10982,69,13,13,06,001,437101,1014,060014371011014
10983,153,48,45,06,001,437101,1016,060014371011016
10984,0,0,0,06,001,437101,1017,060014371011017
10985,111,26,26,06,001,437101,1019,060014371011019
10986,0,0,0,06,001,437101,1020,060014371011020
10987,84,15,15,06,001,437101,1022,060014371011022
10988,0,0,0,06,001,437101,1023,060014371011023
10989,113,26,26,06,001,437101,1025,060014371011025
10990,0,0,0,06,001,437101,1026,060014371011026
10991,0,0,0,06,001,437101,1027,060014371011027
10992,0,0,0,06,001,437101,1028,060014371011028
10993,0,0,0,06,001,437101,1029,060014371011029
10994,0,0,0,06,001,437101,1030,060014371011030
10996,0,0,0,06,001,437102,1001,060014371021001
10997,0,0,0,06,001,437102,3000,060014371023000
10998,90,18,15,06,001,437102,3003,060014371023003
10999,138,38,38,06,001,437102,3006,060014371023006
11000,0,0,0,06,001,437102,3010,060014371023010
11001,0,0,0,06,001,437102,1000,060014371021000
11002,1541,664,625,06,001,437102,1002,060014371021002
11003,1748,541,541,06,001,437102,2000,060014371022000
11004,0,0,0,06,001,437102,2001,060014371022001
11005,309,84,84,06,001,437102,3001,060014371023001
11006,71,14,6,06,001,437102,3002,060014371023002
11007,157,46,46,06,001,437102,3004,060014371023004
11008,0,0,0,06,001,437102,3005,060014371023005
11009,97,22,21,06,001,437102,3007,060014371023007
11010,123,39,39,06,001,437102,3008,060014371023008
11011,152,46,46,06,001,437102,3009,060014371023009
11012,73,18,18,06,001,437102,3011,060014371023011
11013,58,10,4,06,001,437102,3012,060014371023012
11014,0,0,0,06,001,437200,3000,060014372003000
11015,150,53,53,06,001,437200,3003,060014372003003
11016,162,51,51,06,001,437200,3006,060014372003006
11017,81,22,22,06,001,437200,3010,060014372003010
11018,342,70,70,06,001,437200,4000,060014372004000
11019,234,73,73,06,001,437200,4003,060014372004003
11020,65,14,14,06,001,437200,4006,060014372004006
11021,23,1,0,06,001,437200,4013,060014372004013
11022,101,28,28,06,001,437200,5002,060014372005002
11023,176,58,58,06,001,437200,5005,060014372005005
11024,173,55,55,06,001,437200,5009,060014372005009
11025,176,49,42,06,001,437200,5012,060014372005012
11026,0,0,0,06,001,437200,1000,060014372001000
11027,392,190,190,06,001,437200,1003,060014372001003
11028,84,20,20,06,001,437200,1006,060014372001006
11029,105,58,58,06,001,437200,1010,060014372001010
11030,0,0,0,06,001,437200,1013,060014372001013
11031,413,149,149,06,001,437200,2000,060014372002000
11032,39,12,12,06,001,437200,2003,060014372002003
11033,187,88,88,06,001,437200,4012,060014372004012
11034,369,108,108,06,001,437200,5000,060014372005000
11035,128,36,36,06,001,437200,5001,060014372005001
11036,83,21,21,06,001,437200,5003,060014372005003
11037,119,25,25,06,001,437200,5004,060014372005004
11038,238,54,54,06,001,437200,5006,060014372005006
11039,40,6,6,06,001,437200,5007,060014372005007
11040,278,85,85,06,001,437200,5008,060014372005008
11041,86,19,12,06,001,437200,5010,060014372005010
11042,276,53,53,06,001,437200,5011,060014372005011
11043,0,0,0,06,001,437200,3001,060014372003001
11044,109,30,30,06,001,437200,3002,060014372003002
11045,202,73,73,06,001,437200,3004,060014372003004
11046,103,29,28,06,001,437200,3005,060014372003005
11047,99,36,36,06,001,437200,3007,060014372003007
11048,129,35,35,06,001,437200,3008,060014372003008
11049,124,40,40,06,001,437200,3009,060014372003009
11050,168,52,43,06,001,437200,3011,060014372003011
11051,51,10,10,06,001,437200,3012,060014372003012
11052,36,8,4,06,001,437200,4001,060014372004001
11053,35,12,7,06,001,437200,4002,060014372004002
11054,50,7,7,06,001,437200,4004,060014372004004
11055,102,28,22,06,001,437200,4005,060014372004005
11056,0,0,0,06,001,437200,4007,060014372004007
11057,0,0,0,06,001,437200,4008,060014372004008
11058,753,318,293,06,001,437200,4009,060014372004009
11059,391,190,175,06,001,437200,4010,060014372004010
11060,466,234,226,06,001,437200,4011,060014372004011
11061,0,0,0,06,001,437200,1001,060014372001001
11062,49,7,0,06,001,437200,1002,060014372001002
11063,56,18,18,06,001,437200,1004,060014372001004
11064,47,17,17,06,001,437200,1005,060014372001005
11065,74,52,46,06,001,437200,1007,060014372001007
11066,53,29,24,06,001,437200,1008,060014372001008
11067,81,34,27,06,001,437200,1009,060014372001009
11068,73,30,30,06,001,437200,1011,060014372001011
11069,0,0,0,06,001,437200,1012,060014372001012
11070,0,0,0,06,001,437200,1014,060014372001014
11071,523,190,190,06,001,437200,1015,060014372001015
11072,127,38,38,06,001,437200,2001,060014372002001
11073,73,18,18,06,001,437200,2002,060014372002002
11074,105,26,26,06,001,437200,2004,060014372002004
11075,97,33,33,06,001,437200,2005,060014372002005
11076,165,49,49,06,001,437300,1002,060014373001002
11077,155,39,39,06,001,437300,3006,060014373003006
11078,127,39,39,06,001,437300,3009,060014373003009
11079,0,0,0,06,001,437300,1000,060014373001000
11080,325,87,86,06,001,437300,1001,060014373001001
11081,92,39,39,06,001,437300,1003,060014373001003
11082,90,20,20,06,001,437300,1004,060014373001004
11083,85,30,26,06,001,437300,1005,060014373001005
11084,0,0,0,06,001,437300,1006,060014373001006
11085,61,15,15,06,001,437300,1007,060014373001007
11086,116,37,37,06,001,437300,2000,060014373002000
11087,218,65,65,06,001,437300,2001,060014373002001
11088,55,13,13,06,001,437300,2002,060014373002002
11089,151,43,42,06,001,437300,2003,060014373002003
11090,89,13,12,06,001,437300,2004,060014373002004
11091,102,19,19,06,001,437300,2005,060014373002005
11092,46,15,15,06,001,437300,2006,060014373002006
11093,850,257,257,06,001,437300,2007,060014373002007
11094,133,33,33,06,001,437300,3000,060014373003000
11095,0,0,0,06,001,437300,3001,060014373003001
11096,0,0,0,06,001,437300,3002,060014373003002
11097,0,0,0,06,001,437300,3003,060014373003003
11098,226,62,62,06,001,437300,3004,060014373003004
11099,184,54,54,06,001,437300,3005,060014373003005
11100,89,23,23,06,001,437300,3007,060014373003007
11101,0,0,0,06,001,437300,3008,060014373003008
11102,0,0,0,06,001,437300,3010,060014373003010
11103,81,13,11,06,001,437400,1001,060014374001001
11104,0,0,0,06,001,437400,1005,060014374001005
11105,92,22,22,06,001,437400,1008,060014374001008
11106,0,0,0,06,001,437400,1011,060014374001011
11107,0,0,0,06,001,437400,1015,060014374001015
11108,0,0,0,06,001,437400,2001,060014374002001
11109,126,38,38,06,001,437400,2004,060014374002004
11110,127,34,34,06,001,437400,2007,060014374002007
11111,127,29,29,06,001,437400,2011,060014374002011
11112,0,0,0,06,001,437400,1000,060014374001000
11113,90,25,25,06,001,437400,1002,060014374001002
11114,63,24,24,06,001,437400,1003,060014374001003
11115,118,30,30,06,001,437400,1004,060014374001004
11116,114,30,27,06,001,437400,1006,060014374001006
11117,79,18,18,06,001,437400,1007,060014374001007
11118,76,16,15,06,001,437400,1009,060014374001009
11119,33,9,9,06,001,437400,1010,060014374001010
11120,152,46,43,06,001,437400,1012,060014374001012
11121,0,0,0,06,001,437400,1013,060014374001013
11122,66,13,13,06,001,437400,1014,060014374001014
11123,0,0,0,06,001,437400,1016,060014374001016
11124,147,36,36,06,001,437400,2000,060014374002000
11125,140,45,45,06,001,437400,2002,060014374002002
11126,106,29,29,06,001,437400,2003,060014374002003
11127,123,38,38,06,001,437400,2005,060014374002005
11128,55,12,12,06,001,437400,2006,060014374002006
11129,130,34,31,06,001,437400,2008,060014374002008
11130,84,17,17,06,001,437400,2009,060014374002009
11131,32,12,12,06,001,437400,2010,060014374002010
11132,211,54,50,06,001,437400,2012,060014374002012
11133,75,23,18,06,001,437400,2013,060014374002013
11134,81,24,24,06,001,437400,2014,060014374002014
11135,98,24,24,06,001,437400,2015,060014374002015
11136,188,56,56,06,001,437400,2016,060014374002016
11137,172,44,44,06,001,437400,2017,060014374002017
11138,130,33,33,06,001,437400,2018,060014374002018
11139,0,0,0,06,001,437400,2019,060014374002019
11140,134,47,47,06,001,437400,2020,060014374002020
11141,147,43,43,06,001,437400,2021,060014374002021
11142,111,38,38,06,001,437400,2022,060014374002022
11143,60,18,18,06,001,437500,2001,060014375002001
11144,0,0,0,06,001,437500,2004,060014375002004
11145,0,0,0,06,001,437500,2007,060014375002007
11146,573,149,149,06,001,437500,2011,060014375002011
11147,72,20,20,06,001,437500,2014,060014375002014
11148,0,0,0,06,001,437500,2017,060014375002017
11149,0,0,0,06,001,437500,1000,060014375001000
11150,1643,394,394,06,001,437500,1001,060014375001001
11151,505,119,109,06,001,437500,1002,060014375001002
11152,0,0,0,06,001,437500,1003,060014375001003
11153,0,0,0,06,001,437500,1004,060014375001004
11154,0,0,0,06,001,437500,2000,060014375002000
11155,0,0,0,06,001,437500,2002,060014375002002
11156,0,0,0,06,001,437500,2003,060014375002003
11157,0,0,0,06,001,437500,2005,060014375002005
11158,0,0,0,06,001,437500,2006,060014375002006
11159,1047,306,299,06,001,437500,2008,060014375002008
11160,74,12,12,06,001,437500,2009,060014375002009
11161,138,35,19,06,001,437500,2010,060014375002010
11162,67,24,23,06,001,437500,2012,060014375002012
11163,127,23,23,06,001,437500,2013,060014375002013
11164,491,141,128,06,001,437500,2015,060014375002015
11165,0,0,0,06,001,437500,2016,060014375002016
11166,43,14,14,06,001,437600,1003,060014376001003
11167,0,0,0,06,001,437600,1006,060014376001006
11168,0,0,0,06,001,437600,1009,060014376001009
11169,344,98,98,06,001,437600,1012,060014376001012
11170,45,9,9,06,001,437600,1016,060014376001016
11171,80,23,23,06,001,437600,2011,060014376002011
11172,405,98,98,06,001,437600,1000,060014376001000
11173,96,25,25,06,001,437600,1001,060014376001001
11174,228,70,70,06,001,437600,1002,060014376001002
11175,560,197,197,06,001,437600,1004,060014376001004
11176,79,29,29,06,001,437600,1005,060014376001005
11177,0,0,0,06,001,437600,1007,060014376001007
11178,24,4,4,06,001,437600,1008,060014376001008
11179,76,20,19,06,001,437600,1010,060014376001010
11180,0,0,0,06,001,437600,1011,060014376001011
11181,0,0,0,06,001,437600,1013,060014376001013
11182,0,0,0,06,001,437600,1014,060014376001014
11183,229,64,64,06,001,437600,1015,060014376001015
11184,65,9,8,06,001,437600,1017,060014376001017
11185,0,0,0,06,001,437600,1018,060014376001018
11186,0,0,0,06,001,437600,1019,060014376001019
11187,234,65,65,06,001,437600,2000,060014376002000
11188,44,14,9,06,001,437600,2001,060014376002001
11189,83,16,9,06,001,437600,2002,060014376002002
11190,74,20,17,06,001,437600,2003,060014376002003
11191,115,31,31,06,001,437600,2004,060014376002004
11192,67,20,20,06,001,437600,2005,060014376002005
11193,104,28,26,06,001,437600,2006,060014376002006
11194,79,24,22,06,001,437600,2007,060014376002007
11195,161,37,37,06,001,437600,2008,060014376002008
11196,102,28,28,06,001,437600,2009,060014376002009
11197,61,15,15,06,001,437600,2010,060014376002010
11198,13,0,0,06,001,437701,1000,060014377011000
11199,857,210,205,06,001,437701,1001,060014377011001
11200,425,103,103,06,001,437701,2000,060014377012000
11201,741,247,235,06,001,437701,2001,060014377012001
11202,648,185,181,06,001,437701,2002,060014377012002
11203,119,28,18,06,001,437701,2003,060014377012003
11204,130,28,28,06,001,437701,2004,060014377012004
11205,119,16,16,06,001,437701,2005,060014377012005
11206,437,151,128,06,001,437701,3000,060014377013000
11207,502,166,161,06,001,437701,3001,060014377013001
11208,0,0,0,06,001,437702,1000,060014377021000
11209,802,228,215,06,001,437702,1001,060014377021001
11210,365,83,82,06,001,437702,1002,060014377021002
11211,403,91,85,06,001,437702,1003,060014377021003
11212,1712,431,414,06,001,437702,2000,060014377022000
11213,0,0,0,06,001,437702,3000,060014377023000
11214,1122,299,285,06,001,437702,3001,060014377023001
11215,825,303,298,06,001,437800,1000,060014378001000
11216,166,53,53,06,001,437800,1003,060014378001003
11217,50,13,13,06,001,437800,1007,060014378001007
11218,61,13,13,06,001,437800,1010,060014378001010
11219,40,10,10,06,001,437800,2002,060014378002002
11220,95,20,20,06,001,437800,2005,060014378002005
11221,262,72,72,06,001,437800,3001,060014378003001
11222,58,14,14,06,001,437800,3004,060014378003004
11223,150,49,49,06,001,437800,3007,060014378003007
11224,102,38,38,06,001,437800,3011,060014378003011
11225,89,30,30,06,001,437800,1001,060014378001001
11226,129,30,30,06,001,437800,1002,060014378001002
11227,126,31,31,06,001,437800,1004,060014378001004
11228,376,117,115,06,001,437800,1005,060014378001005
11229,156,57,51,06,001,437800,1006,060014378001006
11230,60,12,12,06,001,437800,1008,060014378001008
11231,71,13,13,06,001,437800,1009,060014378001009
11232,690,185,185,06,001,437800,2000,060014378002000
11233,88,15,15,06,001,437800,2001,060014378002001
11234,69,18,16,06,001,437800,2003,060014378002003
11235,58,12,12,06,001,437800,2004,060014378002004
11236,53,10,7,06,001,437800,2006,060014378002006
11237,77,20,20,06,001,437800,2007,060014378002007
11238,0,0,0,06,001,437800,3000,060014378003000
11239,113,31,31,06,001,437800,3002,060014378003002
11240,147,48,48,06,001,437800,3003,060014378003003
11241,211,68,68,06,001,437800,3005,060014378003005
11242,170,47,47,06,001,437800,3008,060014378003008
11243,114,34,34,06,001,437800,3009,060014378003009
11244,78,13,12,06,001,437800,3010,060014378003010
11245,0,0,0,06,001,437800,3012,060014378003012
11246,0,0,0,06,001,437800,3013,060014378003013
11247,101,24,24,06,001,437800,3006,060014378003006
11248,21,3,2,06,001,437900,1000,060014379001000
11249,35,7,7,06,001,437900,1019,060014379001019
11250,54,11,11,06,001,437900,1022,060014379001022
11251,61,13,13,06,001,437900,1025,060014379001025
11252,272,78,78,06,001,437900,2003,060014379002003
11253,97,14,14,06,001,437900,2006,060014379002006
11254,0,0,0,06,001,437900,2009,060014379002009
11255,50,13,13,06,001,437900,1001,060014379001001
11256,22,9,9,06,001,437900,1002,060014379001002
11257,20,8,7,06,001,437900,1003,060014379001003
11258,49,15,15,06,001,437900,1004,060014379001004
11259,11,3,3,06,001,437900,1005,060014379001005
11260,21,4,4,06,001,437900,1006,060014379001006
11261,63,16,16,06,001,437900,1007,060014379001007
11262,48,11,11,06,001,437900,1008,060014379001008
11263,0,0,0,06,001,437900,1009,060014379001009
11264,132,34,34,06,001,437900,1010,060014379001010
11265,66,20,10,06,001,437900,1011,060014379001011
11266,89,15,15,06,001,437900,1012,060014379001012
11267,27,8,8,06,001,437900,1013,060014379001013
11268,39,10,8,06,001,437900,1014,060014379001014
11269,185,101,101,06,001,437900,1015,060014379001015
11270,145,61,61,06,001,437900,1016,060014379001016
11271,0,0,0,06,001,437900,1017,060014379001017
11272,0,0,0,06,001,437900,1018,060014379001018
11273,43,12,12,06,001,437900,1020,060014379001020
11274,110,27,27,06,001,437900,1021,060014379001021
11275,15,2,0,06,001,437900,1023,060014379001023
11276,0,0,0,06,001,437900,1024,060014379001024
11277,0,0,0,06,001,437900,2000,060014379002000
11278,0,0,0,06,001,437900,2001,060014379002001
11279,0,0,0,06,001,437900,2002,060014379002002
11280,227,54,54,06,001,437900,2004,060014379002004
11281,415,153,145,06,001,437900,2005,060014379002005
11282,52,15,15,06,001,437900,2007,060014379002007
11283,57,14,12,06,001,437900,2008,060014379002008
11284,0,0,0,06,001,437900,2010,060014379002010
11285,56,18,18,06,001,438000,1002,060014380001002
11286,118,29,29,06,001,438000,1005,060014380001005
11287,145,57,57,06,001,438000,1008,060014380001008
11288,66,29,29,06,001,438000,1011,060014380001011
11289,104,25,25,06,001,438000,2000,060014380002000
11291,395,123,116,06,001,438000,1001,060014380001001
11292,78,29,29,06,001,438000,1003,060014380001003
11293,100,30,28,06,001,438000,1004,060014380001004
11295,90,24,24,06,001,438000,1007,060014380001007
11297,96,28,28,06,001,438000,1010,060014380001010
11301,91,31,31,06,001,438000,2001,060014380002001
11302,112,29,29,06,001,438000,2002,060014380002002
11303,142,43,43,06,001,438000,2003,060014380002003
11304,64,28,28,06,001,438000,2004,060014380002004
11305,63,21,20,06,001,438000,2005,060014380002005
11306,254,81,81,06,001,438000,2006,060014380002006
11307,77,21,21,06,001,438000,2007,060014380002007
11308,50,18,18,06,001,438000,2008,060014380002008
11309,197,60,60,06,001,438000,2009,060014380002009
11310,57,11,11,06,001,438000,2010,060014380002010
11311,548,169,169,06,001,438100,1007,060014381001007
11312,85,25,21,06,001,438100,1010,060014381001010
11313,114,26,26,06,001,438100,1013,060014381001013
11314,84,28,27,06,001,438100,2001,060014381002001
11315,35,15,15,06,001,438100,2004,060014381002004
11316,82,20,18,06,001,438100,2007,060014381002007
11317,51,8,8,06,001,438100,2011,060014381002011
11318,128,27,25,06,001,438100,2014,060014381002014
11319,335,117,117,06,001,438100,3002,060014381003002
11320,26,12,12,06,001,438100,3005,060014381003005
11321,44,12,11,06,001,438100,3009,060014381003009
11322,129,38,38,06,001,438100,4002,060014381004002
11323,114,39,39,06,001,438100,4005,060014381004005
11324,93,30,30,06,001,438100,4008,060014381004008
11325,105,26,26,06,001,438100,4012,060014381004012
11326,0,0,0,06,001,438100,5000,060014381005000
11327,86,19,19,06,001,438100,5003,060014381005003
11328,0,0,0,06,001,438100,5006,060014381005006
11329,105,27,27,06,001,438100,6006,060014381006006
11330,104,40,40,06,001,438100,4003,060014381004003
11331,67,22,22,06,001,438100,4004,060014381004004
11332,79,18,18,06,001,438100,4006,060014381004006
11333,105,36,36,06,001,438100,4007,060014381004007
11334,88,29,29,06,001,438100,4009,060014381004009
11335,76,23,23,06,001,438100,4010,060014381004010
11336,178,58,58,06,001,438100,4011,060014381004011
11337,97,16,16,06,001,438100,4013,060014381004013
11338,76,22,22,06,001,438100,4014,060014381004014
11339,28,4,4,06,001,438100,5001,060014381005001
11340,155,43,43,06,001,438100,5002,060014381005002
11341,115,27,27,06,001,438100,5004,060014381005004
11342,180,73,73,06,001,438100,5005,060014381005005
11343,82,17,13,06,001,438100,5007,060014381005007
11344,0,0,0,06,001,438100,5008,060014381005008
11345,60,17,13,06,001,438100,5009,060014381005009
11346,157,39,39,06,001,438100,5010,060014381005010
11347,180,48,48,06,001,438100,5011,060014381005011
11348,86,28,28,06,001,438100,5013,060014381005013
11349,62,20,20,06,001,438100,5014,060014381005014
11350,89,18,18,06,001,438100,6000,060014381006000
11351,63,18,18,06,001,438100,6001,060014381006001
11352,344,94,93,06,001,438100,6002,060014381006002
11353,98,18,18,06,001,438100,6003,060014381006003
11354,217,56,56,06,001,438100,6004,060014381006004
11355,68,9,9,06,001,438100,6005,060014381006005
11356,147,36,36,06,001,438100,6007,060014381006007
11357,40,10,10,06,001,438100,6008,060014381006008
11358,0,0,0,06,001,438100,1000,060014381001000
11359,241,81,81,06,001,438100,1001,060014381001001
11360,0,0,0,06,001,438100,1002,060014381001002
11361,89,24,24,06,001,438100,1003,060014381001003
11362,93,21,15,06,001,438100,1004,060014381001004
11363,0,0,0,06,001,438100,1005,060014381001005
11364,138,40,40,06,001,438100,1006,060014381001006
11365,104,20,20,06,001,438100,1008,060014381001008
11366,79,21,21,06,001,438100,1009,060014381001009
11367,128,32,32,06,001,438100,1011,060014381001011
11368,123,31,31,06,001,438100,1012,060014381001012
11369,62,18,18,06,001,438100,1014,060014381001014
11370,0,0,0,06,001,438100,1015,060014381001015
11371,101,26,26,06,001,438100,2000,060014381002000
11372,52,21,21,06,001,438100,2002,060014381002002
11373,66,19,19,06,001,438100,2003,060014381002003
11374,81,22,16,06,001,438100,2005,060014381002005
11375,59,19,19,06,001,438100,2006,060014381002006
11376,95,24,21,06,001,438100,2008,060014381002008
11377,77,24,24,06,001,438100,2009,060014381002009
11378,122,27,27,06,001,438100,2010,060014381002010
11379,0,0,0,06,001,438100,2012,060014381002012
11380,101,27,27,06,001,438100,2013,060014381002013
11381,0,0,0,06,001,438100,3000,060014381003000
11382,0,0,0,06,001,438100,3001,060014381003001
11383,99,45,45,06,001,438100,3003,060014381003003
11384,39,12,7,06,001,438100,3004,060014381003004
11385,86,23,23,06,001,438100,3006,060014381003006
11386,57,23,18,06,001,438100,3007,060014381003007
11387,64,16,16,06,001,438100,3008,060014381003008
11388,41,12,8,06,001,438100,3010,060014381003010
11389,116,30,30,06,001,438100,3011,060014381003011
11390,56,18,18,06,001,438100,3012,060014381003012
11391,50,12,12,06,001,438100,3013,060014381003013
11392,0,0,0,06,001,438100,4000,060014381004000
11393,106,29,28,06,001,438100,4001,060014381004001
11394,77,16,16,06,001,438100,5012,060014381005012
11395,201,44,44,06,001,438201,1000,060014382011000
11396,89,21,21,06,001,438201,1004,060014382011004
11397,210,43,43,06,001,438201,1007,060014382011007
11398,0,0,0,06,001,438201,2001,060014382012001
11399,69,15,15,06,001,438201,2005,060014382012005
11400,51,12,10,06,001,438201,2008,060014382012008
11401,68,15,15,06,001,438201,2011,060014382012011
11402,44,17,14,06,001,438201,2015,060014382012015
11403,38,17,17,06,001,438201,2018,060014382012018
11404,193,53,53,06,001,438201,3000,060014382013000
11405,142,46,42,06,001,438201,1001,060014382011001
11406,230,46,46,06,001,438201,1002,060014382011002
11407,178,48,48,06,001,438201,1003,060014382011003
11408,259,54,54,06,001,438201,1005,060014382011005
11409,32,7,7,06,001,438201,1006,060014382011006
11410,174,44,44,06,001,438201,1008,060014382011008
11411,0,0,0,06,001,438201,2000,060014382012000
11412,702,182,182,06,001,438201,2002,060014382012002
11413,68,16,15,06,001,438201,2003,060014382012003
11414,50,22,22,06,001,438201,2004,060014382012004
11415,54,16,16,06,001,438201,2006,060014382012006
11416,55,19,19,06,001,438201,2007,060014382012007
11417,49,11,7,06,001,438201,2009,060014382012009
11418,0,0,0,06,001,438201,2010,060014382012010
11419,205,76,76,06,001,438201,2012,060014382012012
11420,87,30,29,06,001,438201,2013,060014382012013
11421,80,26,25,06,001,438201,2014,060014382012014
11422,68,23,23,06,001,438201,2016,060014382012016
11423,108,40,40,06,001,438201,2017,060014382012017
11424,44,14,14,06,001,438201,2019,060014382012019
11425,46,11,11,06,001,438201,2020,060014382012020
11426,65,12,12,06,001,438201,3001,060014382013001
11427,52,12,12,06,001,438201,3002,060014382013002
11428,51,12,12,06,001,438201,3003,060014382013003
11429,38,13,13,06,001,438201,3004,060014382013004
11430,0,0,0,06,001,438201,3005,060014382013005
11431,13,1,0,06,001,438201,3006,060014382013006
11432,0,0,0,06,001,438201,3007,060014382013007
11433,190,48,46,06,001,438201,3008,060014382013008
11434,154,41,40,06,001,438201,3009,060014382013009
11435,122,28,28,06,001,438201,3010,060014382013010
11436,101,30,30,06,001,438201,3011,060014382013011
11437,22,4,4,06,001,438201,3012,060014382013012
11438,170,47,46,06,001,438201,3013,060014382013013
11439,180,44,44,06,001,438201,3014,060014382013014
11440,87,4,4,06,001,438203,1070,060014382031070
11441,24,1,1,06,001,438203,1073,060014382031073
11442,0,0,0,06,001,438203,1076,060014382031076
11443,0,0,0,06,001,438203,1081,060014382031081
11444,0,0,0,06,001,438203,1084,060014382031084
11445,0,0,0,06,001,438203,2000,060014382032000
11446,96,27,27,06,001,438203,2004,060014382032004
11447,107,34,34,06,001,438203,2007,060014382032007
11448,0,0,0,06,001,438203,2010,060014382032010
11449,94,33,33,06,001,438203,2014,060014382032014
11450,0,0,0,06,001,438203,1005,060014382031005
11451,0,0,0,06,001,438203,1008,060014382031008
11452,0,0,0,06,001,438203,1011,060014382031011
11453,0,0,0,06,001,438203,1015,060014382031015
11454,18,0,0,06,001,438203,1018,060014382031018
11455,0,0,0,06,001,438203,1021,060014382031021
11456,0,0,0,06,001,438203,1025,060014382031025
11457,57,22,22,06,001,438203,1028,060014382031028
11458,40,20,20,06,001,438203,1031,060014382031031
11459,102,60,58,06,001,438203,1035,060014382031035
11460,218,62,62,06,001,438203,1038,060014382031038
11461,0,0,0,06,001,438203,1053,060014382031053
11462,0,0,0,06,001,438203,1057,060014382031057
11463,14,0,0,06,001,438203,1060,060014382031060
11464,0,0,0,06,001,438203,1063,060014382031063
11465,19,1,1,06,001,438203,1067,060014382031067
11466,0,0,0,06,001,438203,1079,060014382031079
11467,0,0,0,06,001,438203,1082,060014382031082
11468,0,0,0,06,001,438203,1083,060014382031083
11469,0,0,0,06,001,438203,1085,060014382031085
11470,0,0,0,06,001,438203,1086,060014382031086
11471,0,0,0,06,001,438203,2001,060014382032001
11472,33,4,4,06,001,438203,2002,060014382032002
11473,83,21,21,06,001,438203,2003,060014382032003
11474,183,39,39,06,001,438203,2005,060014382032005
11475,78,22,22,06,001,438203,2006,060014382032006
11476,60,12,12,06,001,438203,2008,060014382032008
11477,51,18,18,06,001,438203,2009,060014382032009
11478,536,171,166,06,001,438203,2011,060014382032011
11479,47,6,6,06,001,438203,2012,060014382032012
11480,54,18,18,06,001,438203,2013,060014382032013
11481,727,212,212,06,001,438203,2015,060014382032015
11482,110,22,22,06,001,438203,2016,060014382032016
11483,41,12,12,06,001,438203,2017,060014382032017
11484,0,0,0,06,001,438203,1000,060014382031000
11485,0,0,0,06,001,438203,1001,060014382031001
11486,0,0,0,06,001,438203,1002,060014382031002
11487,0,0,0,06,001,438203,1003,060014382031003
11488,0,0,0,06,001,438203,1004,060014382031004
11489,0,0,0,06,001,438203,1006,060014382031006
11490,0,0,0,06,001,438203,1007,060014382031007
11491,0,0,0,06,001,438203,1009,060014382031009
11492,0,0,0,06,001,438203,1010,060014382031010
11493,0,0,0,06,001,438203,1012,060014382031012
11494,13,1,1,06,001,438203,1013,060014382031013
11495,0,0,0,06,001,438203,1014,060014382031014
11496,0,0,0,06,001,438203,1016,060014382031016
11497,0,0,0,06,001,438203,1017,060014382031017
11498,0,0,0,06,001,438203,1019,060014382031019
11499,0,0,0,06,001,438203,1020,060014382031020
11500,0,0,0,06,001,438203,1022,060014382031022
11501,0,0,0,06,001,438203,1023,060014382031023
11502,0,0,0,06,001,438203,1024,060014382031024
11503,0,0,0,06,001,438203,1026,060014382031026
11504,429,190,190,06,001,438203,1027,060014382031027
11505,49,20,20,06,001,438203,1029,060014382031029
11506,37,15,15,06,001,438203,1030,060014382031030
11507,125,26,22,06,001,438203,1032,060014382031032
11508,34,20,20,06,001,438203,1033,060014382031033
11509,126,34,34,06,001,438203,1034,060014382031034
11510,48,19,0,06,001,438203,1036,060014382031036
11511,211,57,57,06,001,438203,1037,060014382031037
11512,74,17,17,06,001,438203,1039,060014382031039
11513,132,39,39,06,001,438203,1040,060014382031040
11514,43,14,14,06,001,438203,1041,060014382031041
11515,0,0,0,06,001,438203,1042,060014382031042
11516,0,0,0,06,001,438203,1043,060014382031043
11517,0,0,0,06,001,438203,1045,060014382031045
11518,0,0,0,06,001,438203,1046,060014382031046
11519,0,0,0,06,001,438203,1047,060014382031047
11520,0,0,0,06,001,438203,1048,060014382031048
11521,0,0,0,06,001,438203,1049,060014382031049
11522,0,0,0,06,001,438203,1050,060014382031050
11523,0,0,0,06,001,438203,1051,060014382031051
11524,0,0,0,06,001,438203,1052,060014382031052
11525,0,0,0,06,001,438203,1054,060014382031054
11526,0,0,0,06,001,438203,1055,060014382031055
11527,0,0,0,06,001,438203,1056,060014382031056
11528,0,0,0,06,001,438203,1058,060014382031058
11529,0,0,0,06,001,438203,1059,060014382031059
11530,0,0,0,06,001,438203,1061,060014382031061
11531,0,0,0,06,001,438203,1062,060014382031062
11532,0,0,0,06,001,438203,1064,060014382031064
11533,0,0,0,06,001,438203,1065,060014382031065
11534,0,0,0,06,001,438203,1066,060014382031066
11535,0,0,0,06,001,438203,1068,060014382031068
11536,0,0,0,06,001,438203,1069,060014382031069
11537,0,0,0,06,001,438203,1071,060014382031071
11538,0,0,0,06,001,438203,1072,060014382031072
11539,0,0,0,06,001,438203,1074,060014382031074
11540,0,0,0,06,001,438203,1075,060014382031075
11541,0,0,0,06,001,438203,1077,060014382031077
11542,0,0,0,06,001,438203,1078,060014382031078
11543,0,0,0,06,001,438203,1044,060014382031044
11544,0,0,0,06,001,438203,1080,060014382031080
11545,62,9,9,06,001,438204,1015,060014382041015
11546,130,33,33,06,001,438204,1018,060014382041018
11547,0,0,0,06,001,438204,2001,060014382042001
11548,232,90,90,06,001,438204,2005,060014382042005
11549,64,13,7,06,001,438204,2008,060014382042008
11550,47,21,18,06,001,438204,2011,060014382042011
11551,30,14,14,06,001,438204,2015,060014382042015
11552,0,0,0,06,001,438204,2018,060014382042018
11553,147,39,39,06,001,438204,3001,060014382043001
11554,56,15,15,06,001,438204,3005,060014382043005
11555,382,134,134,06,001,438204,3008,060014382043008
11556,77,34,26,06,001,438204,3024,060014382043024
11557,14,1,1,06,001,438204,3027,060014382043027
11558,751,240,236,06,001,438204,1000,060014382041000
11559,0,0,0,06,001,438204,1001,060014382041001
11560,53,22,22,06,001,438204,1002,060014382041002
11561,67,15,15,06,001,438204,1003,060014382041003
11562,38,12,12,06,001,438204,1004,060014382041004
11563,66,24,24,06,001,438204,1005,060014382041005
11564,83,20,17,06,001,438204,1006,060014382041006
11565,24,9,9,06,001,438204,1007,060014382041007
11566,44,10,10,06,001,438204,1008,060014382041008
11567,143,49,49,06,001,438204,1009,060014382041009
11568,39,8,8,06,001,438204,1010,060014382041010
11569,0,0,0,06,001,438204,1011,060014382041011
11570,0,0,0,06,001,438204,1012,060014382041012
11571,30,1,1,06,001,438204,1013,060014382041013
11572,0,0,0,06,001,438204,1014,060014382041014
11573,111,23,23,06,001,438204,1016,060014382041016
11574,147,38,38,06,001,438204,1017,060014382041017
11575,246,69,69,06,001,438204,1019,060014382041019
11576,0,0,0,06,001,438204,2000,060014382042000
11577,194,49,49,06,001,438204,2002,060014382042002
11578,0,0,0,06,001,438204,2003,060014382042003
11579,0,0,0,06,001,438204,2004,060014382042004
11580,63,14,14,06,001,438204,2006,060014382042006
11581,55,22,22,06,001,438204,2007,060014382042007
11582,82,23,23,06,001,438204,2009,060014382042009
11583,29,19,19,06,001,438204,2010,060014382042010
11584,186,77,77,06,001,438204,2012,060014382042012
11585,29,13,11,06,001,438204,2013,060014382042013
11586,67,17,12,06,001,438204,2014,060014382042014
11587,41,14,14,06,001,438204,2016,060014382042016
11588,35,23,23,06,001,438204,2017,060014382042017
11589,0,0,0,06,001,438204,2019,060014382042019
11590,207,71,71,06,001,438204,3000,060014382043000
11591,55,17,13,06,001,438204,3002,060014382043002
11592,100,25,24,06,001,438204,3003,060014382043003
11593,155,42,42,06,001,438204,3004,060014382043004
11594,463,151,149,06,001,438204,3006,060014382043006
11595,0,0,0,06,001,438204,3007,060014382043007
11596,55,9,9,06,001,438204,3009,060014382043009
11597,32,13,13,06,001,438204,3010,060014382043010
11598,71,28,28,06,001,438204,3011,060014382043011
11599,70,30,24,06,001,438204,3012,060014382043012
11600,0,0,0,06,001,438204,3013,060014382043013
11601,0,0,0,06,001,438204,3014,060014382043014
11602,198,59,59,06,001,438204,3015,060014382043015
11603,129,37,37,06,001,438204,3016,060014382043016
11604,100,29,29,06,001,438204,3017,060014382043017
11605,42,30,30,06,001,438204,3018,060014382043018
11606,154,86,84,06,001,438204,3019,060014382043019
11607,67,35,35,06,001,438204,3020,060014382043020
11608,77,37,37,06,001,438204,3021,060014382043021
11609,18,1,1,06,001,438204,3022,060014382043022
11610,45,27,27,06,001,438204,3023,060014382043023
11611,0,0,0,06,001,438204,3025,060014382043025
11612,0,0,0,06,001,438204,3026,060014382043026
11613,38,16,16,06,001,438204,3028,060014382043028
11614,181,41,41,06,001,438300,1002,060014383001002
11615,181,47,47,06,001,438300,1005,060014383001005
11616,0,0,0,06,001,438300,2000,060014383002000
11617,159,28,28,06,001,438300,2003,060014383002003
11618,102,21,21,06,001,438300,2007,060014383002007
11619,43,15,15,06,001,438300,2010,060014383002010
11620,79,12,12,06,001,438300,2013,060014383002013
11621,0,0,0,06,001,438300,3002,060014383003002
11622,0,0,0,06,001,438300,3006,060014383003006
11623,0,0,0,06,001,438300,1000,060014383001000
11624,358,89,87,06,001,438300,1001,060014383001001
11625,107,31,31,06,001,438300,1003,060014383001003
11626,148,40,39,06,001,438300,1004,060014383001004
11627,151,43,43,06,001,438300,1006,060014383001006
11628,179,40,40,06,001,438300,2001,060014383002001
11629,221,48,48,06,001,438300,2002,060014383002002
11630,123,28,28,06,001,438300,2004,060014383002004
11631,103,29,29,06,001,438300,2005,060014383002005
11632,139,32,32,06,001,438300,2006,060014383002006
11633,139,29,26,06,001,438300,2008,060014383002008
11634,148,36,36,06,001,438300,2009,060014383002009
11635,109,22,13,06,001,438300,2011,060014383002011
11636,120,27,27,06,001,438300,2012,060014383002012
11637,0,0,0,06,001,438300,3000,060014383003000
11638,0,0,0,06,001,438300,3001,060014383003001
11639,160,35,35,06,001,438300,3003,060014383003003
11640,114,31,30,06,001,438300,3004,060014383003004
11641,105,30,30,06,001,438300,3005,060014383003005
11642,0,0,0,06,001,438300,3007,060014383003007
11643,178,51,51,06,001,438300,3008,060014383003008
11644,163,39,39,06,001,438300,3009,060014383003009
11645,94,21,21,06,001,438300,3010,060014383003010
11646,83,25,25,06,001,438300,3011,060014383003011
11647,78,14,14,06,001,438300,3012,060014383003012
11648,100,24,24,06,001,438300,1007,060014383001007
11649,59,14,14,06,001,438400,2002,060014384002002
11650,57,14,12,06,001,438400,2005,060014384002005
11651,25,8,8,06,001,438400,2009,060014384002009
11652,0,0,0,06,001,438400,2012,060014384002012
11653,0,0,0,06,001,438400,2015,060014384002015
11654,0,0,0,06,001,438400,2018,060014384002018
11655,103,27,27,06,001,438400,1000,060014384001000
11656,129,30,30,06,001,438400,1001,060014384001001
11657,293,89,89,06,001,438400,1002,060014384001002
11658,71,17,17,06,001,438400,1003,060014384001003
11659,0,0,0,06,001,438400,1004,060014384001004
11660,102,25,25,06,001,438400,1005,060014384001005
11661,227,83,81,06,001,438400,1006,060014384001006
11662,62,27,27,06,001,438400,1007,060014384001007
11663,127,36,36,06,001,438400,1008,060014384001008
11664,441,128,128,06,001,438400,2000,060014384002000
11665,463,150,150,06,001,438400,2001,060014384002001
11666,13,1,0,06,001,438400,2003,060014384002003
11667,63,16,16,06,001,438400,2004,060014384002004
11668,82,26,25,06,001,438400,2006,060014384002006
11669,0,0,0,06,001,438400,2007,060014384002007
11670,84,35,35,06,001,438400,2008,060014384002008
11671,0,0,0,06,001,438400,2010,060014384002010
11672,0,0,0,06,001,438400,2011,060014384002011
11673,18,1,0,06,001,438400,2013,060014384002013
11674,0,0,0,06,001,438400,2014,060014384002014
11675,0,0,0,06,001,438400,2016,060014384002016
11676,0,0,0,06,001,438400,2017,060014384002017
11677,0,0,0,06,001,438400,2019,060014384002019
11678,0,0,0,06,001,438400,2020,060014384002020
11679,0,0,0,06,001,438400,2021,060014384002021
11680,41,15,14,06,001,438400,2022,060014384002022
11684,0,0,0,06,001,440100,1012,060014401001012
15443,0,0,0,06,001,450601,1001,060014506011001
15444,0,0,0,06,001,450601,1004,060014506011004
15463,0,0,0,06,001,450601,2047,060014506012047
15465,0,0,0,06,001,450601,3003,060014506013003
15470,0,0,0,06,001,450601,1000,060014506011000
15471,0,0,0,06,001,450601,1002,060014506011002
15472,0,0,0,06,001,450601,1003,060014506011003
15477,0,0,0,06,001,450601,1010,060014506011010
15544,0,0,0,06,001,450601,2048,060014506012048
15545,0,0,0,06,001,450601,2049,060014506012049
15546,0,0,0,06,001,450601,2050,060014506012050
15548,5,2,1,06,001,450601,3002,060014506013002
15549,0,0,0,06,001,450601,3004,060014506013004
18459,0,0,0,06,001,990000,0007,060019900000007
18461,0,0,0,06,001,990000,0014,060019900000014
18468,0,0,0,06,001,990000,0008,060019900000008
18471,0,0,0,06,001,990000,0012,060019900000012
18472,0,0,0,06,001,990000,0013,060019900000013
